#2026 06 19 10:09:36.964#Z#INFO#fa252145-6bc6-11f1-9c60-eeee0a944cb1.OPERATION#http-nio-0.0.0.0-8080-exec-8#
[XS2StartProcessListener] Operation ID: fa252145-6bc6-11f1-9c60-eeee0a944cb1#
#2026 06 19 10:09:37.002#Z#DEBUG#fa252145-6bc6-11f1-9c60-eeee0a944cb1.OPERATION#http-nio-0.0.0.0-8080-exec-8#
[XS2StartProcessListener] Process environment: {
  "SKIP_SSL_VALIDATION" : "false",
  "FLOWABLE_JOB_EXECUTOR_MAX_THREADS" : "32",
  "VERSION" : "2.47.0",
  "BASIC_AUTH_ENABLED" : "true",
  "FLOWABLE_JOB_EXECUTOR_QUEUE_CAPACITY" : "16",
  "FLOWABLE_JOB_EXECUTOR_CORE_THREADS" : "8"
}#
#2026 06 19 10:09:37.002#Z#DEBUG#fa252145-6bc6-11f1-9c60-eeee0a944cb1.OPERATION#http-nio-0.0.0.0-8080-exec-8#
[XS2StartProcessListener] Current user: denis.bujorean@student.ehb.be#
#2026 06 19 10:09:37.002#Z#DEBUG#fa252145-6bc6-11f1-9c60-eeee0a944cb1.OPERATION#http-nio-0.0.0.0-8080-exec-8#
[XS2StartProcessListener] Client space: dev#
#2026 06 19 10:09:37.002#Z#DEBUG#fa252145-6bc6-11f1-9c60-eeee0a944cb1.OPERATION#http-nio-0.0.0.0-8080-exec-8#
[XS2StartProcessListener] Client organization: cc04186dtrial#
#2026 06 19 10:09:37.002#Z#INFO#fa252145-6bc6-11f1-9c60-eeee0a944cb1.OPERATION#http-nio-0.0.0.0-8080-exec-8#
[XS2StartProcessListener] Process variables: {
  "keepFiles" : false,
  "skipAppDigestCalculation" : false,
  "abortOnError" : false,
  "mtaId" : "primepath-travel-dashboard",
  "noFailOnMissingPermissions" : false,
  "isSecurityEnabled" : false,
  "apiRequestPath" : "https://deploy-service.cf.us10-001.hana.ondemand.com/api/v1/spaces/ba9bcafa-b107-42ac-8bb7-2f459d18c4c3/operations",
  "deleteServiceBrokers" : false,
  "appArchiveId" : "9bb68551-0665-457f-8582-c4558991a0ec",
  "isDisposableUserProvidedServiceEnabled" : false,
  "deleteServiceKeys" : false,
  "noRestartSubscribedApps" : false,
  "noStart" : false,
  "deleteServices" : false
}#
#2026 06 19 10:09:37.097#Z#DEBUG#fa252145-6bc6-11f1-9c60-eeee0a944cb1.OPERATION#flowable-async-job-executor-thread-280#
[ValidateDeployParametersStep] Executing task "validateParametersTask" of process "fa25216b-6bc6-11f1-9c60-eeee0a944cb1"...#
#2026 06 19 10:09:37.097#Z#DEBUG#fa252145-6bc6-11f1-9c60-eeee0a944cb1.OPERATION#flowable-async-job-executor-thread-280#
[ValidateDeployParametersStep] Validating parameters...#
#2026 06 19 10:09:37.107#Z#INFO#fa252145-6bc6-11f1-9c60-eeee0a944cb1.OPERATION#flowable-async-job-executor-thread-280#
[ValidateDeployParametersStep] Size of mtars is 15,141,053 and size of extension descriptors is 0#
#2026 06 19 10:09:37.276#Z#INFO#fa252145-6bc6-11f1-9c60-eeee0a944cb1.OPERATION#flowable-async-job-executor-thread-280#
[ValidateDeployParametersStep] Archive was not split! Total size in bytes: 15,141,053#
#2026 06 19 10:09:37.276#Z#INFO#fa252145-6bc6-11f1-9c60-eeee0a944cb1.OPERATION#flowable-async-job-executor-thread-280#
[ValidateDeployParametersStep] Deploying in org "cc04186dtrial" and space "dev"#
#2026 06 19 10:09:37.282#Z#DEBUG#fa252145-6bc6-11f1-9c60-eeee0a944cb1.OPERATION#flowable-async-job-executor-thread-280#
[ValidateDeployParametersStep] Parameters validated#
#2026 06 19 10:09:37.282#Z#DEBUG#fa252145-6bc6-11f1-9c60-eeee0a944cb1.OPERATION#flowable-async-job-executor-thread-280#
Step "Validate Parameters" finished#
#2026 06 19 10:09:37.323#Z#DEBUG#fa252145-6bc6-11f1-9c60-eeee0a944cb1.OPERATION#flowable-async-job-executor-thread-281#
[DeleteRemainingFileParts] Executing task "deleteRemainingFileParts" of process "fa25216b-6bc6-11f1-9c60-eeee0a944cb1"...#
#2026 06 19 10:09:37.324#Z#DEBUG#fa252145-6bc6-11f1-9c60-eeee0a944cb1.OPERATION#flowable-async-job-executor-thread-281#
Step "Delete Remaining File Parts" finished#
#2026 06 19 10:09:37.364#Z#DEBUG#fa252145-6bc6-11f1-9c60-eeee0a944cb1.OPERATION#flowable-async-job-executor-thread-282#
[XS2ProcessMtaArchiveStep] Executing task "processArchiveTask" of process "fa25216b-6bc6-11f1-9c60-eeee0a944cb1"...#
#2026 06 19 10:09:37.369#Z#DEBUG#fa252145-6bc6-11f1-9c60-eeee0a944cb1.OPERATION#flowable-async-job-executor-thread-282#
[XS2ProcessMtaArchiveStep] Processing MTA archive...#
#2026 06 19 10:09:37.369#Z#DEBUG#fa252145-6bc6-11f1-9c60-eeee0a944cb1.OPERATION#flowable-async-job-executor-thread-282#
[XS2ProcessMtaArchiveStep] MTA Archive ID: 9bb68551-0665-457f-8582-c4558991a0ec#
#2026 06 19 10:09:37.651#Z#DEBUG#fa252145-6bc6-11f1-9c60-eeee0a944cb1.OPERATION#flowable-async-job-executor-thread-282#
[XS2ProcessMtaArchiveStep] MTA Descriptor length: 2,249#
#2026 06 19 10:09:37.651#Z#DEBUG#fa252145-6bc6-11f1-9c60-eeee0a944cb1.OPERATION#flowable-async-job-executor-thread-282#
[XS2ProcessMtaArchiveStep] MTA Archive Modules: [primepath-ui-deployer, primepath-db-deployer, primepath-srv, primepath-approuter]#
#2026 06 19 10:09:37.651#Z#DEBUG#fa252145-6bc6-11f1-9c60-eeee0a944cb1.OPERATION#flowable-async-job-executor-thread-282#
[XS2ProcessMtaArchiveStep] MTA Archive Requires: []#
#2026 06 19 10:09:37.651#Z#DEBUG#fa252145-6bc6-11f1-9c60-eeee0a944cb1.OPERATION#flowable-async-job-executor-thread-282#
[XS2ProcessMtaArchiveStep] MTA Archive Resources: []#
#2026 06 19 10:09:37.664#Z#DEBUG#fa252145-6bc6-11f1-9c60-eeee0a944cb1.OPERATION#flowable-async-job-executor-thread-282#
[XS2ProcessMtaArchiveStep] MTA archive processed#
#2026 06 19 10:09:37.664#Z#DEBUG#fa252145-6bc6-11f1-9c60-eeee0a944cb1.OPERATION#flowable-async-job-executor-thread-282#
Step "Process Archive" finished#
#2026 06 19 10:09:37.718#Z#DEBUG#fa252145-6bc6-11f1-9c60-eeee0a944cb1.OPERATION#flowable-async-job-executor-thread-284#
[ProcessMtaExtensionDescriptorsStep] Executing task "processExtensionDescriptorsTask" of process "fa25216b-6bc6-11f1-9c60-eeee0a944cb1"...#
#2026 06 19 10:09:37.719#Z#DEBUG#fa252145-6bc6-11f1-9c60-eeee0a944cb1.OPERATION#flowable-async-job-executor-thread-284#
[ProcessMtaExtensionDescriptorsStep] Processing MTA extension descriptors...#
#2026 06 19 10:09:37.721#Z#DEBUG#fa252145-6bc6-11f1-9c60-eeee0a944cb1.OPERATION#flowable-async-job-executor-thread-284#
[ProcessMtaExtensionDescriptorsStep] Provided extension descriptors: [ ]#
#2026 06 19 10:09:37.721#Z#DEBUG#fa252145-6bc6-11f1-9c60-eeee0a944cb1.OPERATION#flowable-async-job-executor-thread-284#
[ProcessMtaExtensionDescriptorsStep] No extension descriptors in use#
#2026 06 19 10:09:37.721#Z#DEBUG#fa252145-6bc6-11f1-9c60-eeee0a944cb1.OPERATION#flowable-async-job-executor-thread-284#
[ProcessMtaExtensionDescriptorsStep] MTA extension descriptors processed#
#2026 06 19 10:09:37.721#Z#DEBUG#fa252145-6bc6-11f1-9c60-eeee0a944cb1.OPERATION#flowable-async-job-executor-thread-284#
Step "Process Extension Descriptors" finished#
#2026 06 19 10:09:37.784#Z#DEBUG#fa252145-6bc6-11f1-9c60-eeee0a944cb1.OPERATION#flowable-async-job-executor-thread-285#
[XS2DetectMtaSchemaVersionStep] Executing task "detectSchemaVersionTask" of process "fa25216b-6bc6-11f1-9c60-eeee0a944cb1"...#
#2026 06 19 10:09:37.785#Z#DEBUG#fa252145-6bc6-11f1-9c60-eeee0a944cb1.OPERATION#flowable-async-job-executor-thread-285#
[XS2DetectMtaSchemaVersionStep] Detecting MTA major schema version...#
#2026 06 19 10:09:37.789#Z#INFO#fa252145-6bc6-11f1-9c60-eeee0a944cb1.OPERATION#flowable-async-job-executor-thread-285#
[XS2DetectMtaSchemaVersionStep] Detected MTA schema version: "3"#
#2026 06 19 10:09:37.796#Z#DEBUG#fa252145-6bc6-11f1-9c60-eeee0a944cb1.OPERATION#flowable-async-job-executor-thread-285#
Step "Detect Schema Version" finished#
#2026 06 19 10:09:37.844#Z#DEBUG#fa252145-6bc6-11f1-9c60-eeee0a944cb1.OPERATION#flowable-async-job-executor-thread-285#
[MergeDescriptorsStep] Executing task "mergeDescriptorsTask" of process "fa25216b-6bc6-11f1-9c60-eeee0a944cb1"...#
#2026 06 19 10:09:37.845#Z#DEBUG#fa252145-6bc6-11f1-9c60-eeee0a944cb1.OPERATION#flowable-async-job-executor-thread-285#
[MergeDescriptorsStep] Validating and merging descriptors...#
#2026 06 19 10:09:37.849#Z#DEBUG#fa252145-6bc6-11f1-9c60-eeee0a944cb1.OPERATION#flowable-async-job-executor-thread-285#
[MergeDescriptorsStep] Merged deployment descriptor: {
  "majorSchemaVersion" : 3,
  "schemaVersion" : "3.1.0",
  "id" : "primepath-travel-dashboard",
  "version" : "1.0.0",
  "modules" : [ {
    "majorSchemaVersion" : 3,
    "name" : "primepath-srv",
    "type" : "javascript.nodejs",
    "path" : "primepath-srv",
    "properties" : { },
    "parameters" : {
      "buildpack" : "nodejs_buildpack",
      "disk-quota" : "512M",
      "memory" : "256M"
    },
    "requiredDependencies" : [ {
      "majorSchemaVersion" : 3,
      "name" : "primepath-db",
      "properties" : { },
      "parameters" : { },
      "propertiesMetadata" : {
        "metadata" : { }
      },
      "parametersMetadata" : {
        "metadata" : { }
      }
    }, {
      "majorSchemaVersion" : 3,
      "name" : "primepath-destination",
      "properties" : { },
      "parameters" : { },
      "propertiesMetadata" : {
        "metadata" : { }
      },
      "parametersMetadata" : {
        "metadata" : { }
      }
    } ],
    "providedDependencies" : [ {
      "majorSchemaVersion" : 3,
      "name" : "srv-api",
      "isPublic" : false,
      "properties" : {
        "srv-url" : "${default-url}"
      },
      "parameters" : { },
      "propertiesMetadata" : {
        "metadata" : { }
      },
      "parametersMetadata" : {
        "metadata" : { }
      }
    }, {
      "majorSchemaVersion" : 3,
      "name" : "primepath-srv",
      "isPublic" : false,
      "properties" : { },
      "parameters" : { },
      "propertiesMetadata" : {
        "metadata" : { }
      },
      "parametersMetadata" : {
        "metadata" : { }
      }
    } ],
    "propertiesMetadata" : {
      "metadata" : { }
    },
    "parametersMetadata" : {
      "metadata" : { }
    },
    "hooks" : [ ]
  }, {
    "majorSchemaVersion" : 3,
    "name" : "primepath-db-deployer",
    "type" : "com.sap.xs.hdi",
    "path" : "primepath-db-deployer",
    "properties" : {
      "EXIT" : 1
    },
    "parameters" : {
      "memory" : "256M",
      "buildpack" : "nodejs_buildpack",
      "no-route" : true,
      "dependency-type" : "hard",
      "tasks" : [ {
        "name" : "deploy",
        "memory" : "256M",
        "command" : "npm start"
      } ],
      "no-start" : true
    },
    "requiredDependencies" : [ {
      "majorSchemaVersion" : 3,
      "name" : "primepath-db",
      "properties" : { },
      "parameters" : { },
      "propertiesMetadata" : {
        "metadata" : { }
      },
      "parametersMetadata" : {
        "metadata" : { }
      }
    } ],
    "providedDependencies" : [ {
      "majorSchemaVersion" : 3,
      "name" : "primepath-db-deployer",
      "isPublic" : false,
      "properties" : { },
      "parameters" : { },
      "propertiesMetadata" : {
        "metadata" : { }
      },
      "parametersMetadata" : {
        "metadata" : { }
      }
    } ],
    "propertiesMetadata" : {
      "metadata" : { }
    },
    "parametersMetadata" : {
      "metadata" : { }
    },
    "hooks" : [ ]
  }, {
    "majorSchemaVersion" : 3,
    "name" : "primepath-ui-deployer",
    "type" : "com.sap.application.content",
    "path" : "primepath-ui-deployer",
    "properties" : { },
    "parameters" : { },
    "requiredDependencies" : [ {
      "majorSchemaVersion" : 3,
      "name" : "primepath-html5-repo-host",
      "properties" : { },
      "parameters" : {
        "content-target" : true
      },
      "propertiesMetadata" : {
        "metadata" : { }
      },
      "parametersMetadata" : {
        "metadata" : { }
      }
    } ],
    "providedDependencies" : [ {
      "majorSchemaVersion" : 3,
      "name" : "primepath-ui-deployer",
      "isPublic" : false,
      "properties" : { },
      "parameters" : { },
      "propertiesMetadata" : {
        "metadata" : { }
      },
      "parametersMetadata" : {
        "metadata" : { }
      }
    } ],
    "propertiesMetadata" : {
      "metadata" : { }
    },
    "parametersMetadata" : {
      "metadata" : { }
    },
    "hooks" : [ ]
  }, {
    "majorSchemaVersion" : 3,
    "name" : "primepath-approuter",
    "type" : "javascript.nodejs",
    "path" : "primepath-approuter",
    "properties" : { },
    "parameters" : {
      "disk-quota" : "256M",
      "memory" : "128M"
    },
    "requiredDependencies" : [ {
      "majorSchemaVersion" : 3,
      "name" : "primepath-html5-repo-runtime",
      "properties" : { },
      "parameters" : { },
      "propertiesMetadata" : {
        "metadata" : { }
      },
      "parametersMetadata" : {
        "metadata" : { }
      }
    }, {
      "majorSchemaVersion" : 3,
      "name" : "primepath-destination",
      "properties" : { },
      "parameters" : { },
      "propertiesMetadata" : {
        "metadata" : { }
      },
      "parametersMetadata" : {
        "metadata" : { }
      }
    } ],
    "providedDependencies" : [ {
      "majorSchemaVersion" : 3,
      "name" : "primepath-approuter",
      "isPublic" : false,
      "properties" : { },
      "parameters" : { },
      "propertiesMetadata" : {
        "metadata" : { }
      },
      "parametersMetadata" : {
        "metadata" : { }
      }
    } ],
    "propertiesMetadata" : {
      "metadata" : { }
    },
    "parametersMetadata" : {
      "metadata" : { }
    },
    "hooks" : [ ]
  } ],
  "resources" : [ {
    "majorSchemaVersion" : 3,
    "name" : "primepath-db",
    "type" : "com.sap.xs.hdi-container",
    "properties" : { },
    "parameters" : {
      "type" : "managed-service",
      "service" : "hana",
      "service-plan" : "hdi-shared"
    },
    "isActive" : true,
    "isOptional" : false,
    "propertiesMetadata" : {
      "metadata" : { }
    },
    "parametersMetadata" : {
      "metadata" : { }
    },
    "requiredDependencies" : [ ],
    "processedAfter" : [ ]
  }, {
    "majorSchemaVersion" : 3,
    "name" : "primepath-html5-repo-host",
    "type" : "org.cloudfoundry.managed-service",
    "properties" : { },
    "parameters" : {
      "service-name" : "primepath-html5-repo-host",
      "service-plan" : "app-host",
      "type" : "managed-service",
      "service" : "html5-apps-repo"
    },
    "isActive" : true,
    "isOptional" : false,
    "propertiesMetadata" : {
      "metadata" : { }
    },
    "parametersMetadata" : {
      "metadata" : { }
    },
    "requiredDependencies" : [ ],
    "processedAfter" : [ ]
  }, {
    "majorSchemaVersion" : 3,
    "name" : "primepath-html5-repo-runtime",
    "type" : "org.cloudfoundry.managed-service",
    "properties" : { },
    "parameters" : {
      "type" : "managed-service",
      "service" : "html5-apps-repo",
      "service-plan" : "app-runtime"
    },
    "isActive" : true,
    "isOptional" : false,
    "propertiesMetadata" : {
      "metadata" : { }
    },
    "parametersMetadata" : {
      "metadata" : { }
    },
    "requiredDependencies" : [ ],
    "processedAfter" : [ ]
  }, {
    "majorSchemaVersion" : 3,
    "name" : "primepath-destination",
    "type" : "org.cloudfoundry.managed-service",
    "properties" : { },
    "parameters" : {
      "service-plan" : "lite",
      "type" : "managed-service",
      "config" : {
        "HTML5Runtime_enabled" : true,
        "init_data" : {
          "subaccount" : {
            "destinations" : [ {
              "Authentication" : "********",
              "HTML5.DynamicDestination" : true,
              "HTML5.ForwardAuthToken" : "********",
              "Name" : "primepath-srv-api",
              "ProxyType" : "Internet",
              "Type" : "HTTP",
              "URL" : "~{srv-api/srv-url}"
            } ],
            "existing_destinations_policy" : "update"
          }
        }
      },
      "service" : "destination"
    },
    "isActive" : true,
    "isOptional" : false,
    "propertiesMetadata" : {
      "metadata" : { }
    },
    "parametersMetadata" : {
      "metadata" : { }
    },
    "requiredDependencies" : [ {
      "majorSchemaVersion" : 3,
      "name" : "srv-api",
      "properties" : { },
      "parameters" : { },
      "propertiesMetadata" : {
        "metadata" : { }
      },
      "parametersMetadata" : {
        "metadata" : { }
      }
    } ],
    "processedAfter" : [ ]
  } ],
  "parameters" : {
    "enable-parallel-deployments" : true,
    "deploy_mode" : "html5-repo"
  },
  "parametersMetadata" : {
    "metadata" : { }
  }
}#
#2026 06 19 10:09:37.853#Z#DEBUG#fa252145-6bc6-11f1-9c60-eeee0a944cb1.OPERATION#flowable-async-job-executor-thread-285#
[MergeDescriptorsStep] Descriptors validated and merged#
#2026 06 19 10:09:37.853#Z#DEBUG#fa252145-6bc6-11f1-9c60-eeee0a944cb1.OPERATION#flowable-async-job-executor-thread-285#
Step "Merge Descriptors" finished#
#2026 06 19 10:09:37.936#Z#DEBUG#fa252145-6bc6-11f1-9c60-eeee0a944cb1.OPERATION#flowable-async-job-executor-thread-282#
[DetectDeployedMtaStep] Executing task "detectDeployedMtaTask" of process "fa25216b-6bc6-11f1-9c60-eeee0a944cb1"...#
#2026 06 19 10:09:37.938#Z#DEBUG#fa252145-6bc6-11f1-9c60-eeee0a944cb1.OPERATION#flowable-async-job-executor-thread-282#
[DetectDeployedMtaStep] Detecting deployed MTA...#
#2026 06 19 10:09:38.017#Z#DEBUG#fa252145-6bc6-11f1-9c60-eeee0a944cb1.OPERATION#flowable-async-job-executor-thread-282#
[DetectDeployedMtaStep] Detecting MTA by id primepath-travel-dashboard and namespace null#
#2026 06 19 10:09:38.017#Z#DEBUG#fa252145-6bc6-11f1-9c60-eeee0a944cb1.OPERATION#flowable-async-job-executor-thread-282#
[DetectDeployedMtaStep] Getting applications by metadata label selector "mta_id=2b638277e7512a6996c900c538a83154,!mta_namespace"...#
#2026 06 19 10:09:38.095#Z#DEBUG#fa252145-6bc6-11f1-9c60-eeee0a944cb1.OPERATION#flowable-async-job-executor-thread-282#
[DetectDeployedMtaStep] Getting service instances by metadata label selector "mta_id=2b638277e7512a6996c900c538a83154,!mta_namespace"...#
#2026 06 19 10:09:38.270#Z#DEBUG#fa252145-6bc6-11f1-9c60-eeee0a944cb1.OPERATION#flowable-async-job-executor-thread-282#
[DetectDeployedMtaStep] Deployed MTA: {
  "metadata" : {
    "id" : "primepath-travel-dashboard",
    "version" : "1.0.0"
  },
  "applications" : [ {
    "name" : "primepath-srv",
    "metadata" : {
      "guid" : "a7638aaf-09b6-417f-aa97-16c9c4dde755",
      "createdAt" : [ 2026, 6, 16, 13, 47, 17 ],
      "updatedAt" : [ 2026, 6, 19, 0, 48, 25 ]
    },
    "v3Metadata" : {
      "annotations" : {
        "mta_id" : "primepath-travel-dashboard",
        "mta_version" : "1.0.0",
        "mta_module" : "{\"name\":\"primepath-srv\"}",
        "mta_module_provided_dependencies" : "[]",
        "mta_bound_services" : "[\"primepath-db\",\"primepath-destination\"]"
      },
      "labels" : {
        "mta_id" : "2b638277e7512a6996c900c538a83154"
      }
    },
    "state" : "STARTED",
    "lifecycle" : {
      "type" : "BUILDPACK",
      "data" : {
        "stack" : "cflinuxfs4",
        "buildpacks" : [ "nodejs_buildpack" ]
      }
    },
    "space" : {
      "name" : "dev",
      "metadata" : {
        "guid" : "ba9bcafa-b107-42ac-8bb7-2f459d18c4c3",
        "createdAt" : [ 2026, 4, 29, 14, 58, 52 ],
        "updatedAt" : [ 2026, 4, 29, 14, 58, 52 ]
      },
      "organization" : {
        "name" : "cc04186dtrial",
        "metadata" : {
          "guid" : "dfe57157-b13a-41ad-9ad5-c1f3b3a8355a",
          "createdAt" : [ 2026, 4, 29, 14, 58, 50 ],
          "updatedAt" : [ 2026, 4, 29, 14, 58, 52 ]
        }
      }
    },
    "moduleName" : "primepath-srv",
    "boundMtaServices" : [ "primepath-db", "primepath-destination" ],
    "providedDependencyNames" : [ ],
    "productizationState" : "LIVE"
  }, {
    "name" : "primepath-db-deployer",
    "metadata" : {
      "guid" : "7516dab9-b438-4358-8940-ece5e13ee096",
      "createdAt" : [ 2026, 6, 16, 13, 47, 18 ],
      "updatedAt" : [ 2026, 6, 19, 0, 47, 56 ]
    },
    "v3Metadata" : {
      "annotations" : {
        "mta_id" : "primepath-travel-dashboard",
        "mta_version" : "1.0.0",
        "mta_module" : "{\"name\":\"primepath-db-deployer\"}",
        "mta_module_provided_dependencies" : "[]",
        "mta_bound_services" : "[\"primepath-db\"]"
      },
      "labels" : {
        "mta_id" : "2b638277e7512a6996c900c538a83154"
      }
    },
    "state" : "STOPPED",
    "lifecycle" : {
      "type" : "BUILDPACK",
      "data" : {
        "stack" : "cflinuxfs4",
        "buildpacks" : [ "nodejs_buildpack" ]
      }
    },
    "space" : {
      "name" : "dev",
      "metadata" : {
        "guid" : "ba9bcafa-b107-42ac-8bb7-2f459d18c4c3",
        "createdAt" : [ 2026, 4, 29, 14, 58, 52 ],
        "updatedAt" : [ 2026, 4, 29, 14, 58, 52 ]
      },
      "organization" : {
        "name" : "cc04186dtrial",
        "metadata" : {
          "guid" : "dfe57157-b13a-41ad-9ad5-c1f3b3a8355a",
          "createdAt" : [ 2026, 4, 29, 14, 58, 50 ],
          "updatedAt" : [ 2026, 4, 29, 14, 58, 52 ]
        }
      }
    },
    "moduleName" : "primepath-db-deployer",
    "boundMtaServices" : [ "primepath-db" ],
    "providedDependencyNames" : [ ],
    "productizationState" : "LIVE"
  }, {
    "name" : "primepath-approuter",
    "metadata" : {
      "guid" : "cdc46a25-9792-46f8-a78a-49c58be313e2",
      "createdAt" : [ 2026, 6, 17, 22, 43, 43 ],
      "updatedAt" : [ 2026, 6, 19, 0, 48, 25 ]
    },
    "v3Metadata" : {
      "annotations" : {
        "mta_id" : "primepath-travel-dashboard",
        "mta_version" : "1.0.0",
        "mta_module" : "{\"name\":\"primepath-approuter\"}",
        "mta_module_provided_dependencies" : "[]",
        "mta_bound_services" : "[\"primepath-html5-repo-runtime\",\"primepath-destination\"]"
      },
      "labels" : {
        "mta_id" : "2b638277e7512a6996c900c538a83154"
      }
    },
    "state" : "STARTED",
    "lifecycle" : {
      "type" : "BUILDPACK",
      "data" : {
        "stack" : "cflinuxfs4",
        "buildpacks" : [ ]
      }
    },
    "space" : {
      "name" : "dev",
      "metadata" : {
        "guid" : "ba9bcafa-b107-42ac-8bb7-2f459d18c4c3",
        "createdAt" : [ 2026, 4, 29, 14, 58, 52 ],
        "updatedAt" : [ 2026, 4, 29, 14, 58, 52 ]
      },
      "organization" : {
        "name" : "cc04186dtrial",
        "metadata" : {
          "guid" : "dfe57157-b13a-41ad-9ad5-c1f3b3a8355a",
          "createdAt" : [ 2026, 4, 29, 14, 58, 50 ],
          "updatedAt" : [ 2026, 4, 29, 14, 58, 52 ]
        }
      }
    },
    "moduleName" : "primepath-approuter",
    "boundMtaServices" : [ "primepath-html5-repo-runtime", "primepath-destination" ],
    "providedDependencyNames" : [ ],
    "productizationState" : "LIVE"
  } ],
  "services" : [ {
    "name" : "primepath-html5-repo-host",
    "metadata" : {
      "guid" : "fe221e38-2a62-484c-a386-c256e569d66d",
      "createdAt" : [ 2026, 6, 17, 22, 43, 21 ],
      "updatedAt" : [ 2026, 6, 17, 22, 43, 22 ]
    },
    "v3Metadata" : {
      "annotations" : {
        "mta_id" : "primepath-travel-dashboard",
        "mta_version" : "1.0.0",
        "mta_resource" : "{\"name\":\"primepath-html5-repo-host\"}"
      },
      "labels" : {
        "mta_id" : "2b638277e7512a6996c900c538a83154"
      }
    },
    "label" : "html5-apps-repo",
    "plan" : "app-host",
    "credentials" : "********",
    "tags" : [ ],
    "type" : "managed",
    "lastOperation" : {
      "type" : "CREATE",
      "description" : "",
      "state" : "SUCCEEDED"
    },
    "resourceName" : "primepath-html5-repo-host"
  }, {
    "name" : "primepath-html5-repo-runtime",
    "metadata" : {
      "guid" : "33938137-0dbf-4185-962b-4b1dfcb4a7bc",
      "createdAt" : [ 2026, 6, 17, 22, 43, 22 ],
      "updatedAt" : [ 2026, 6, 17, 22, 43, 23 ]
    },
    "v3Metadata" : {
      "annotations" : {
        "mta_id" : "primepath-travel-dashboard",
        "mta_version" : "1.0.0",
        "mta_resource" : "{\"name\":\"primepath-html5-repo-runtime\"}"
      },
      "labels" : {
        "mta_id" : "2b638277e7512a6996c900c538a83154"
      }
    },
    "label" : "html5-apps-repo",
    "plan" : "app-runtime",
    "credentials" : "********",
    "tags" : [ ],
    "type" : "managed",
    "lastOperation" : {
      "type" : "CREATE",
      "description" : "",
      "state" : "SUCCEEDED"
    },
    "resourceName" : "primepath-html5-repo-runtime"
  }, {
    "name" : "primepath-db",
    "metadata" : {
      "guid" : "eeac984e-ad18-41ad-9782-58239ffa9d43",
      "createdAt" : [ 2026, 6, 17, 22, 43, 22 ],
      "updatedAt" : [ 2026, 6, 17, 22, 43, 22 ]
    },
    "v3Metadata" : {
      "annotations" : {
        "mta_id" : "primepath-travel-dashboard",
        "mta_version" : "1.0.0",
        "mta_resource" : "{\"name\":\"primepath-db\"}"
      },
      "labels" : {
        "mta_id" : "2b638277e7512a6996c900c538a83154"
      }
    },
    "label" : "hana",
    "plan" : "hdi-shared",
    "credentials" : "********",
    "tags" : [ ],
    "type" : "managed",
    "lastOperation" : {
      "type" : "CREATE",
      "state" : "SUCCEEDED"
    },
    "resourceName" : "primepath-db"
  }, {
    "name" : "primepath-destination",
    "metadata" : {
      "guid" : "cc41ed37-59e7-4ffe-b2fd-c6eb671162a6",
      "createdAt" : [ 2026, 6, 17, 22, 43, 25 ],
      "updatedAt" : [ 2026, 6, 17, 22, 43, 27 ]
    },
    "v3Metadata" : {
      "annotations" : {
        "mta_id" : "primepath-travel-dashboard",
        "mta_version" : "1.0.0",
        "mta_resource" : "{\"name\":\"primepath-destination\"}"
      },
      "labels" : {
        "mta_id" : "2b638277e7512a6996c900c538a83154"
      }
    },
    "label" : "destination",
    "plan" : "lite",
    "credentials" : "********",
    "tags" : [ ],
    "type" : "managed",
    "lastOperation" : {
      "type" : "UPDATE",
      "description" : "",
      "state" : "SUCCEEDED"
    },
    "resourceName" : "primepath-destination"
  } ]
}#
#2026 06 19 10:09:38.270#Z#INFO#fa252145-6bc6-11f1-9c60-eeee0a944cb1.OPERATION#flowable-async-job-executor-thread-282#
[DetectDeployedMtaStep] Detected deployed MTA with ID "primepath-travel-dashboard" and version "1.0.0"#
#2026 06 19 10:09:38.277#Z#DEBUG#fa252145-6bc6-11f1-9c60-eeee0a944cb1.OPERATION#flowable-async-job-executor-thread-282#
[DetectDeployedMtaStep] Detecting backup mta by id "primepath-travel-dashboard" and namespace "null"#
#2026 06 19 10:09:38.277#Z#DEBUG#fa252145-6bc6-11f1-9c60-eeee0a944cb1.OPERATION#flowable-async-job-executor-thread-282#
[DetectDeployedMtaStep] Getting applications by metadata label selector "mta_id=2b638277e7512a6996c900c538a83154,mta_namespace=b698114a0995e936895b9598a6c19a2c"...#
#2026 06 19 10:09:38.320#Z#DEBUG#fa252145-6bc6-11f1-9c60-eeee0a944cb1.OPERATION#flowable-async-job-executor-thread-282#
[DetectDeployedMtaStep] Getting service instances by metadata label selector "mta_id=2b638277e7512a6996c900c538a83154,mta_namespace=b698114a0995e936895b9598a6c19a2c"...#
#2026 06 19 10:09:38.398#Z#DEBUG#fa252145-6bc6-11f1-9c60-eeee0a944cb1.OPERATION#flowable-async-job-executor-thread-282#
[DetectDeployedMtaStep] Deployed MTA service keys: [ {
  "name" : "********",
  "metadata" : {
    "guid" : "66d9efb5-ef3a-42e7-b8c4-e5921635a412",
    "createdAt" : [ 2026, 6, 17, 22, 43, 40 ],
    "updatedAt" : [ 2026, 6, 17, 22, 43, 41 ]
  },
  "v3Metadata" : {
    "annotations" : {
      "mta_id" : "primepath-travel-dashboard",
      "mta_version" : "1.0.0"
    },
    "labels" : {
      "mta_id" : "2b638277e7512a6996c900c538a83154",
      "space_guid" : "ba9bcafa-b107-42ac-8bb7-2f459d18c4c3"
    }
  },
  "serviceInstance" : {
    "name" : "primepath-html5-repo-host",
    "metadata" : {
      "guid" : "fe221e38-2a62-484c-a386-c256e569d66d",
      "createdAt" : [ 2026, 6, 17, 22, 43, 21 ],
      "updatedAt" : [ 2026, 6, 17, 22, 43, 22 ]
    },
    "v3Metadata" : {
      "annotations" : {
        "mta_id" : "primepath-travel-dashboard",
        "mta_version" : "1.0.0",
        "mta_resource" : "{\"name\":\"primepath-html5-repo-host\"}"
      },
      "labels" : {
        "mta_id" : "2b638277e7512a6996c900c538a83154"
      }
    },
    "credentials" : "********",
    "tags" : [ ],
    "type" : "managed"
  }
} ]#
#2026 06 19 10:09:38.398#Z#DEBUG#fa252145-6bc6-11f1-9c60-eeee0a944cb1.OPERATION#flowable-async-job-executor-thread-282#
Step "Detect Deployed MTA" finished#
#2026 06 19 10:09:38.450#Z#DEBUG#fa252145-6bc6-11f1-9c60-eeee0a944cb1.OPERATION#flowable-async-job-executor-thread-285#
[XS2CollectSystemParametersStep] Executing task "collectSystemParametersTask" of process "fa25216b-6bc6-11f1-9c60-eeee0a944cb1"...#
#2026 06 19 10:09:38.451#Z#DEBUG#fa252145-6bc6-11f1-9c60-eeee0a944cb1.OPERATION#flowable-async-job-executor-thread-285#
[XS2CollectSystemParametersStep] Collecting system parameters...#
#2026 06 19 10:09:38.452#Z#DEBUG#fa252145-6bc6-11f1-9c60-eeee0a944cb1.OPERATION#flowable-async-job-executor-thread-285#
[XS2CollectSystemParametersStep] Getting default domain...#
#2026 06 19 10:09:38.492#Z#DEBUG#fa252145-6bc6-11f1-9c60-eeee0a944cb1.OPERATION#flowable-async-job-executor-thread-285#
[XS2CollectSystemParametersStep] Default domain: cfapps.us10-001.hana.ondemand.com#
#2026 06 19 10:09:38.494#Z#DEBUG#fa252145-6bc6-11f1-9c60-eeee0a944cb1.OPERATION#flowable-async-job-executor-thread-285#
[XS2CollectSystemParametersStep] Checking for overwriting read-only parameters for mta with id: "primepath-travel-dashboard"#
#2026 06 19 10:09:38.495#Z#DEBUG#fa252145-6bc6-11f1-9c60-eeee0a944cb1.OPERATION#flowable-async-job-executor-thread-285#
[XS2CollectSystemParametersStep] No read-only parameters are overwritten#
#2026 06 19 10:09:38.512#Z#DEBUG#fa252145-6bc6-11f1-9c60-eeee0a944cb1.OPERATION#flowable-async-job-executor-thread-285#
[XS2CollectSystemParametersStep] Descriptor with system parameters: {
  "majorSchemaVersion" : 3,
  "schemaVersion" : "3.1.0",
  "id" : "primepath-travel-dashboard",
  "version" : "1.0.0",
  "modules" : [ {
    "majorSchemaVersion" : 3,
    "name" : "primepath-srv",
    "type" : "javascript.nodejs",
    "path" : "primepath-srv",
    "properties" : { },
    "parameters" : {
      "default-url" : "${protocol}://${default-uri}",
      "default-app-name" : "primepath-srv",
      "generated-password" : "********",
      "default-live-url" : "${protocol}://${default-live-uri}",
      "default-uri" : "${host}.${domain}",
      "memory" : "256M",
      "default-instances" : 1,
      "default-live-host" : "cc04186dtrial-dev-primepath-srv",
      "instances" : "${default-instances}",
      "buildpack" : "nodejs_buildpack",
      "default-host" : "cc04186dtrial-dev-primepath-srv",
      "app-name" : "${default-app-name}",
      "default-live-uri" : "cc04186dtrial-dev-primepath-srv.${domain}",
      "protocol" : "https",
      "default-live-app-name" : "primepath-srv",
      "default-live-domain" : "cfapps.us10-001.hana.ondemand.com",
      "disk-quota" : "512M",
      "domain" : "${default-domain}",
      "host" : "${default-host}",
      "generated-user" : "********"
    },
    "requiredDependencies" : [ {
      "majorSchemaVersion" : 3,
      "name" : "primepath-db",
      "properties" : { },
      "parameters" : { },
      "propertiesMetadata" : {
        "metadata" : { }
      },
      "parametersMetadata" : {
        "metadata" : { }
      }
    }, {
      "majorSchemaVersion" : 3,
      "name" : "primepath-destination",
      "properties" : { },
      "parameters" : { },
      "propertiesMetadata" : {
        "metadata" : { }
      },
      "parametersMetadata" : {
        "metadata" : { }
      }
    } ],
    "providedDependencies" : [ {
      "majorSchemaVersion" : 3,
      "name" : "srv-api",
      "isPublic" : false,
      "properties" : {
        "srv-url" : "${default-url}"
      },
      "parameters" : { },
      "propertiesMetadata" : {
        "metadata" : { }
      },
      "parametersMetadata" : {
        "metadata" : { }
      }
    }, {
      "majorSchemaVersion" : 3,
      "name" : "primepath-srv",
      "isPublic" : false,
      "properties" : { },
      "parameters" : { },
      "propertiesMetadata" : {
        "metadata" : { }
      },
      "parametersMetadata" : {
        "metadata" : { }
      }
    } ],
    "propertiesMetadata" : {
      "metadata" : { }
    },
    "parametersMetadata" : {
      "metadata" : { }
    },
    "hooks" : [ ]
  }, {
    "majorSchemaVersion" : 3,
    "name" : "primepath-db-deployer",
    "type" : "com.sap.xs.hdi",
    "path" : "primepath-db-deployer",
    "properties" : {
      "EXIT" : 1
    },
    "parameters" : {
      "default-url" : "${protocol}://${default-uri}",
      "default-app-name" : "primepath-db-deployer",
      "generated-password" : "********",
      "default-live-url" : "${protocol}://${default-live-uri}",
      "default-uri" : "${host}.${domain}",
      "memory" : "256M",
      "default-instances" : 1,
      "no-route" : true,
      "default-live-host" : "cc04186dtrial-dev-primepath-db-deployer",
      "instances" : "${default-instances}",
      "buildpack" : "nodejs_buildpack",
      "default-host" : "cc04186dtrial-dev-primepath-db-deployer",
      "app-name" : "${default-app-name}",
      "default-live-uri" : "cc04186dtrial-dev-primepath-db-deployer.${domain}",
      "protocol" : "https",
      "default-live-app-name" : "primepath-db-deployer",
      "default-live-domain" : "cfapps.us10-001.hana.ondemand.com",
      "dependency-type" : "hard",
      "domain" : "${default-domain}",
      "host" : "${default-host}",
      "generated-user" : "********",
      "tasks" : [ {
        "name" : "deploy",
        "memory" : "256M",
        "command" : "npm start"
      } ],
      "no-start" : true
    },
    "requiredDependencies" : [ {
      "majorSchemaVersion" : 3,
      "name" : "primepath-db",
      "properties" : { },
      "parameters" : { },
      "propertiesMetadata" : {
        "metadata" : { }
      },
      "parametersMetadata" : {
        "metadata" : { }
      }
    } ],
    "providedDependencies" : [ {
      "majorSchemaVersion" : 3,
      "name" : "primepath-db-deployer",
      "isPublic" : false,
      "properties" : { },
      "parameters" : { },
      "propertiesMetadata" : {
        "metadata" : { }
      },
      "parametersMetadata" : {
        "metadata" : { }
      }
    } ],
    "propertiesMetadata" : {
      "metadata" : { }
    },
    "parametersMetadata" : {
      "metadata" : { }
    },
    "hooks" : [ ]
  }, {
    "majorSchemaVersion" : 3,
    "name" : "primepath-ui-deployer",
    "type" : "com.sap.application.content",
    "path" : "primepath-ui-deployer",
    "properties" : { },
    "parameters" : {
      "default-url" : "${protocol}://${default-uri}",
      "default-app-name" : "primepath-ui-deployer",
      "generated-password" : "********",
      "default-live-url" : "${protocol}://${default-live-uri}",
      "default-uri" : "${host}.${domain}",
      "default-instances" : 1,
      "default-live-host" : "cc04186dtrial-dev-primepath-ui-deployer",
      "instances" : "${default-instances}",
      "default-host" : "cc04186dtrial-dev-primepath-ui-deployer",
      "app-name" : "${default-app-name}",
      "default-live-uri" : "cc04186dtrial-dev-primepath-ui-deployer.${domain}",
      "protocol" : "https",
      "default-live-app-name" : "primepath-ui-deployer",
      "default-live-domain" : "cfapps.us10-001.hana.ondemand.com",
      "domain" : "${default-domain}",
      "host" : "${default-host}",
      "generated-user" : "********"
    },
    "requiredDependencies" : [ {
      "majorSchemaVersion" : 3,
      "name" : "primepath-html5-repo-host",
      "properties" : { },
      "parameters" : {
        "content-target" : true
      },
      "propertiesMetadata" : {
        "metadata" : { }
      },
      "parametersMetadata" : {
        "metadata" : { }
      }
    } ],
    "providedDependencies" : [ {
      "majorSchemaVersion" : 3,
      "name" : "primepath-ui-deployer",
      "isPublic" : false,
      "properties" : { },
      "parameters" : { },
      "propertiesMetadata" : {
        "metadata" : { }
      },
      "parametersMetadata" : {
        "metadata" : { }
      }
    } ],
    "propertiesMetadata" : {
      "metadata" : { }
    },
    "parametersMetadata" : {
      "metadata" : { }
    },
    "hooks" : [ ]
  }, {
    "majorSchemaVersion" : 3,
    "name" : "primepath-approuter",
    "type" : "javascript.nodejs",
    "path" : "primepath-approuter",
    "properties" : { },
    "parameters" : {
      "default-url" : "${protocol}://${default-uri}",
      "default-app-name" : "primepath-approuter",
      "generated-password" : "********",
      "default-live-url" : "${protocol}://${default-live-uri}",
      "default-uri" : "${host}.${domain}",
      "memory" : "128M",
      "default-instances" : 1,
      "default-live-host" : "cc04186dtrial-dev-primepath-approuter",
      "instances" : "${default-instances}",
      "default-host" : "cc04186dtrial-dev-primepath-approuter",
      "app-name" : "${default-app-name}",
      "default-live-uri" : "cc04186dtrial-dev-primepath-approuter.${domain}",
      "protocol" : "https",
      "default-live-app-name" : "primepath-approuter",
      "default-live-domain" : "cfapps.us10-001.hana.ondemand.com",
      "disk-quota" : "256M",
      "domain" : "${default-domain}",
      "host" : "${default-host}",
      "generated-user" : "********"
    },
    "requiredDependencies" : [ {
      "majorSchemaVersion" : 3,
      "name" : "primepath-html5-repo-runtime",
      "properties" : { },
      "parameters" : { },
      "propertiesMetadata" : {
        "metadata" : { }
      },
      "parametersMetadata" : {
        "metadata" : { }
      }
    }, {
      "majorSchemaVersion" : 3,
      "name" : "primepath-destination",
      "properties" : { },
      "parameters" : { },
      "propertiesMetadata" : {
        "metadata" : { }
      },
      "parametersMetadata" : {
        "metadata" : { }
      }
    } ],
    "providedDependencies" : [ {
      "majorSchemaVersion" : 3,
      "name" : "primepath-approuter",
      "isPublic" : false,
      "properties" : { },
      "parameters" : { },
      "propertiesMetadata" : {
        "metadata" : { }
      },
      "parametersMetadata" : {
        "metadata" : { }
      }
    } ],
    "propertiesMetadata" : {
      "metadata" : { }
    },
    "parametersMetadata" : {
      "metadata" : { }
    },
    "hooks" : [ ]
  } ],
  "resources" : [ {
    "majorSchemaVersion" : 3,
    "name" : "primepath-db",
    "type" : "com.sap.xs.hdi-container",
    "properties" : { },
    "parameters" : {
      "generated-password" : "********",
      "service-name" : "${default-service-name}",
      "service-plan" : "hdi-shared",
      "service" : "hana",
      "generated-user" : "********",
      "default-xsappname" : "primepath-db",
      "type" : "managed-service",
      "default-service-name" : "primepath-db",
      "default-container-name" : "CC04186DTRIAL_DEV_PRIMEPATH_DB"
    },
    "isActive" : true,
    "isOptional" : false,
    "propertiesMetadata" : {
      "metadata" : { }
    },
    "parametersMetadata" : {
      "metadata" : { }
    },
    "requiredDependencies" : [ ],
    "processedAfter" : [ ]
  }, {
    "majorSchemaVersion" : 3,
    "name" : "primepath-html5-repo-host",
    "type" : "org.cloudfoundry.managed-service",
    "properties" : { },
    "parameters" : {
      "generated-password" : "********",
      "service-name" : "primepath-html5-repo-host",
      "service-plan" : "app-host",
      "service" : "html5-apps-repo",
      "generated-user" : "********",
      "default-xsappname" : "primepath-html5-repo-host",
      "type" : "managed-service",
      "default-service-name" : "primepath-html5-repo-host",
      "default-container-name" : "CC04186DTRIAL_DEV_PRIMEPATH_HTML5_REPO_HOST"
    },
    "isActive" : true,
    "isOptional" : false,
    "propertiesMetadata" : {
      "metadata" : { }
    },
    "parametersMetadata" : {
      "metadata" : { }
    },
    "requiredDependencies" : [ ],
    "processedAfter" : [ ]
  }, {
    "majorSchemaVersion" : 3,
    "name" : "primepath-html5-repo-runtime",
    "type" : "org.cloudfoundry.managed-service",
    "properties" : { },
    "parameters" : {
      "generated-password" : "********",
      "service-name" : "${default-service-name}",
      "service-plan" : "app-runtime",
      "service" : "html5-apps-repo",
      "generated-user" : "********",
      "default-xsappname" : "primepath-html5-repo-runtime",
      "type" : "managed-service",
      "default-service-name" : "primepath-html5-repo-runtime",
      "default-container-name" : "CC04186DTRIAL_DEV_PRIMEPATH_HTML5_REPO_RUNTIME"
    },
    "isActive" : true,
    "isOptional" : false,
    "propertiesMetadata" : {
      "metadata" : { }
    },
    "parametersMetadata" : {
      "metadata" : { }
    },
    "requiredDependencies" : [ ],
    "processedAfter" : [ ]
  }, {
    "majorSchemaVersion" : 3,
    "name" : "primepath-destination",
    "type" : "org.cloudfoundry.managed-service",
    "properties" : { },
    "parameters" : {
      "generated-password" : "********",
      "service-name" : "${default-service-name}",
      "service-plan" : "lite",
      "service" : "destination",
      "generated-user" : "********",
      "default-xsappname" : "primepath-destination",
      "type" : "managed-service",
      "config" : {
        "HTML5Runtime_enabled" : true,
        "init_data" : {
          "subaccount" : {
            "destinations" : [ {
              "Authentication" : "********",
              "HTML5.DynamicDestination" : true,
              "HTML5.ForwardAuthToken" : "********",
              "Name" : "primepath-srv-api",
              "ProxyType" : "Internet",
              "Type" : "HTTP",
              "URL" : "~{srv-api/srv-url}"
            } ],
            "existing_destinations_policy" : "update"
          }
        }
      },
      "default-service-name" : "primepath-destination",
      "default-container-name" : "CC04186DTRIAL_DEV_PRIMEPATH_DESTINATION"
    },
    "isActive" : true,
    "isOptional" : false,
    "propertiesMetadata" : {
      "metadata" : { }
    },
    "parametersMetadata" : {
      "metadata" : { }
    },
    "requiredDependencies" : [ {
      "majorSchemaVersion" : 3,
      "name" : "srv-api",
      "properties" : { },
      "parameters" : { },
      "propertiesMetadata" : {
        "metadata" : { }
      },
      "parametersMetadata" : {
        "metadata" : { }
      }
    } ],
    "processedAfter" : [ ]
  } ],
  "parameters" : {
    "deploy_mode" : "html5-repo",
    "mta-id" : "primepath-travel-dashboard",
    "authorization-url" : "********",
    "org-guid" : "dfe57157-b13a-41ad-9ad5-c1f3b3a8355a",
    "org" : "cc04186dtrial",
    "deploy-target" : "cc04186dtrial dev",
    "enable-parallel-deployments" : true,
    "space" : "dev",
    "xs-api-url" : "https://api.cf.us10-001.hana.ondemand.com",
    "deploy-url" : "deploy-service.cfapps.us10-001.hana.ondemand.com",
    "xs-type" : "CF",
    "default-domain" : "cfapps.us10-001.hana.ondemand.com",
    "mta-version" : "1.0.0",
    "xs-auth-url" : "********",
    "space-guid" : "ba9bcafa-b107-42ac-8bb7-2f459d18c4c3",
    "user" : "********",
    "controller-url" : "https://api.cf.us10-001.hana.ondemand.com",
    "timestamp" : "20260619100936"
  },
  "parametersMetadata" : {
    "metadata" : { }
  }
}#
#2026 06 19 10:09:38.514#Z#DEBUG#fa252145-6bc6-11f1-9c60-eeee0a944cb1.OPERATION#flowable-async-job-executor-thread-285#
[XS2CollectSystemParametersStep] Version rule: SAME_HIGHER#
#2026 06 19 10:09:38.514#Z#INFO#fa252145-6bc6-11f1-9c60-eeee0a944cb1.OPERATION#flowable-async-job-executor-thread-285#
[XS2CollectSystemParametersStep] Detected new MTA version: "1.0.0"#
#2026 06 19 10:09:38.523#Z#INFO#fa252145-6bc6-11f1-9c60-eeee0a944cb1.OPERATION#flowable-async-job-executor-thread-285#
[XS2CollectSystemParametersStep] Deployed MTA version: "1.0.0"#
#2026 06 19 10:09:38.531#Z#DEBUG#fa252145-6bc6-11f1-9c60-eeee0a944cb1.OPERATION#flowable-async-job-executor-thread-285#
[XS2CollectSystemParametersStep] MTA accepted for deployment#
#2026 06 19 10:09:38.531#Z#DEBUG#fa252145-6bc6-11f1-9c60-eeee0a944cb1.OPERATION#flowable-async-job-executor-thread-285#
[XS2CollectSystemParametersStep] System parameters collected#
#2026 06 19 10:09:38.532#Z#DEBUG#fa252145-6bc6-11f1-9c60-eeee0a944cb1.OPERATION#flowable-async-job-executor-thread-285#
Step "Collect System Parameters" finished#
#2026 06 19 10:09:38.593#Z#DEBUG#fa252145-6bc6-11f1-9c60-eeee0a944cb1.OPERATION#flowable-async-job-executor-thread-280#
[ProcessDescriptorStep] Executing task "processDescriptorTask" of process "fa25216b-6bc6-11f1-9c60-eeee0a944cb1"...#
#2026 06 19 10:09:38.595#Z#DEBUG#fa252145-6bc6-11f1-9c60-eeee0a944cb1.OPERATION#flowable-async-job-executor-thread-280#
[ProcessDescriptorStep] Resolving properties and parameters in merged descriptor...#
#2026 06 19 10:09:38.600#Z#DEBUG#fa252145-6bc6-11f1-9c60-eeee0a944cb1.OPERATION#flowable-async-job-executor-thread-280#
[ProcessDescriptorStep] Subscriptions: [ ]#
#2026 06 19 10:09:38.601#Z#DEBUG#fa252145-6bc6-11f1-9c60-eeee0a944cb1.OPERATION#flowable-async-job-executor-thread-280#
[ProcessDescriptorStep] MTA modules: [primepath-ui-deployer, primepath-db-deployer, primepath-srv, primepath-approuter]#
#2026 06 19 10:09:38.601#Z#DEBUG#fa252145-6bc6-11f1-9c60-eeee0a944cb1.OPERATION#flowable-async-job-executor-thread-280#
[ProcessDescriptorStep] Resolved deployment descriptor: {
  "majorSchemaVersion" : 3,
  "schemaVersion" : "3.1.0",
  "id" : "primepath-travel-dashboard",
  "version" : "1.0.0",
  "modules" : [ {
    "majorSchemaVersion" : 3,
    "name" : "primepath-srv",
    "type" : "javascript.nodejs",
    "path" : "primepath-srv",
    "properties" : { },
    "parameters" : {
      "default-url" : "https://cc04186dtrial-dev-primepath-srv.cfapps.us10-001.hana.ondemand.com",
      "default-app-name" : "primepath-srv",
      "generated-password" : "********",
      "default-live-url" : "https://cc04186dtrial-dev-primepath-srv.cfapps.us10-001.hana.ondemand.com",
      "default-uri" : "cc04186dtrial-dev-primepath-srv.cfapps.us10-001.hana.ondemand.com",
      "memory" : "256M",
      "default-instances" : 1,
      "default-live-host" : "cc04186dtrial-dev-primepath-srv",
      "instances" : 1,
      "buildpack" : "nodejs_buildpack",
      "default-host" : "cc04186dtrial-dev-primepath-srv",
      "app-name" : "primepath-srv",
      "default-live-uri" : "cc04186dtrial-dev-primepath-srv.cfapps.us10-001.hana.ondemand.com",
      "protocol" : "https",
      "default-live-app-name" : "primepath-srv",
      "default-live-domain" : "cfapps.us10-001.hana.ondemand.com",
      "disk-quota" : "512M",
      "domain" : "cfapps.us10-001.hana.ondemand.com",
      "host" : "cc04186dtrial-dev-primepath-srv",
      "generated-user" : "********"
    },
    "requiredDependencies" : [ {
      "majorSchemaVersion" : 3,
      "name" : "primepath-db",
      "properties" : { },
      "parameters" : { },
      "propertiesMetadata" : {
        "metadata" : { }
      },
      "parametersMetadata" : {
        "metadata" : { }
      }
    }, {
      "majorSchemaVersion" : 3,
      "name" : "primepath-destination",
      "properties" : { },
      "parameters" : { },
      "propertiesMetadata" : {
        "metadata" : { }
      },
      "parametersMetadata" : {
        "metadata" : { }
      }
    } ],
    "providedDependencies" : [ {
      "majorSchemaVersion" : 3,
      "name" : "srv-api",
      "isPublic" : false,
      "properties" : {
        "srv-url" : "https://cc04186dtrial-dev-primepath-srv.cfapps.us10-001.hana.ondemand.com"
      },
      "parameters" : { },
      "propertiesMetadata" : {
        "metadata" : { }
      },
      "parametersMetadata" : {
        "metadata" : { }
      }
    }, {
      "majorSchemaVersion" : 3,
      "name" : "primepath-srv",
      "isPublic" : false,
      "properties" : { },
      "parameters" : { },
      "propertiesMetadata" : {
        "metadata" : { }
      },
      "parametersMetadata" : {
        "metadata" : { }
      }
    } ],
    "propertiesMetadata" : {
      "metadata" : { }
    },
    "parametersMetadata" : {
      "metadata" : { }
    },
    "hooks" : [ ]
  }, {
    "majorSchemaVersion" : 3,
    "name" : "primepath-db-deployer",
    "type" : "com.sap.xs.hdi",
    "path" : "primepath-db-deployer",
    "properties" : {
      "EXIT" : 1
    },
    "parameters" : {
      "default-url" : "https://cc04186dtrial-dev-primepath-db-deployer.cfapps.us10-001.hana.ondemand.com",
      "default-app-name" : "primepath-db-deployer",
      "generated-password" : "********",
      "default-live-url" : "https://cc04186dtrial-dev-primepath-db-deployer.cfapps.us10-001.hana.ondemand.com",
      "default-uri" : "cc04186dtrial-dev-primepath-db-deployer.cfapps.us10-001.hana.ondemand.com",
      "memory" : "256M",
      "default-instances" : 1,
      "no-route" : true,
      "default-live-host" : "cc04186dtrial-dev-primepath-db-deployer",
      "instances" : 1,
      "buildpack" : "nodejs_buildpack",
      "default-host" : "cc04186dtrial-dev-primepath-db-deployer",
      "app-name" : "primepath-db-deployer",
      "default-live-uri" : "cc04186dtrial-dev-primepath-db-deployer.cfapps.us10-001.hana.ondemand.com",
      "protocol" : "https",
      "default-live-app-name" : "primepath-db-deployer",
      "default-live-domain" : "cfapps.us10-001.hana.ondemand.com",
      "dependency-type" : "hard",
      "domain" : "cfapps.us10-001.hana.ondemand.com",
      "host" : "cc04186dtrial-dev-primepath-db-deployer",
      "generated-user" : "********",
      "tasks" : [ {
        "command" : "npm start",
        "memory" : "256M",
        "name" : "deploy"
      } ],
      "no-start" : true
    },
    "requiredDependencies" : [ {
      "majorSchemaVersion" : 3,
      "name" : "primepath-db",
      "properties" : { },
      "parameters" : { },
      "propertiesMetadata" : {
        "metadata" : { }
      },
      "parametersMetadata" : {
        "metadata" : { }
      }
    } ],
    "providedDependencies" : [ {
      "majorSchemaVersion" : 3,
      "name" : "primepath-db-deployer",
      "isPublic" : false,
      "properties" : { },
      "parameters" : { },
      "propertiesMetadata" : {
        "metadata" : { }
      },
      "parametersMetadata" : {
        "metadata" : { }
      }
    } ],
    "propertiesMetadata" : {
      "metadata" : { }
    },
    "parametersMetadata" : {
      "metadata" : { }
    },
    "hooks" : [ ]
  }, {
    "majorSchemaVersion" : 3,
    "name" : "primepath-ui-deployer",
    "type" : "com.sap.application.content",
    "path" : "primepath-ui-deployer",
    "properties" : { },
    "parameters" : {
      "default-url" : "https://cc04186dtrial-dev-primepath-ui-deployer.cfapps.us10-001.hana.ondemand.com",
      "default-app-name" : "primepath-ui-deployer",
      "generated-password" : "********",
      "default-live-url" : "https://cc04186dtrial-dev-primepath-ui-deployer.cfapps.us10-001.hana.ondemand.com",
      "default-uri" : "cc04186dtrial-dev-primepath-ui-deployer.cfapps.us10-001.hana.ondemand.com",
      "default-instances" : 1,
      "default-live-host" : "cc04186dtrial-dev-primepath-ui-deployer",
      "instances" : 1,
      "default-host" : "cc04186dtrial-dev-primepath-ui-deployer",
      "app-name" : "primepath-ui-deployer",
      "default-live-uri" : "cc04186dtrial-dev-primepath-ui-deployer.cfapps.us10-001.hana.ondemand.com",
      "protocol" : "https",
      "default-live-app-name" : "primepath-ui-deployer",
      "default-live-domain" : "cfapps.us10-001.hana.ondemand.com",
      "domain" : "cfapps.us10-001.hana.ondemand.com",
      "host" : "cc04186dtrial-dev-primepath-ui-deployer",
      "generated-user" : "********"
    },
    "requiredDependencies" : [ {
      "majorSchemaVersion" : 3,
      "name" : "primepath-html5-repo-host",
      "properties" : { },
      "parameters" : {
        "content-target" : true
      },
      "propertiesMetadata" : {
        "metadata" : { }
      },
      "parametersMetadata" : {
        "metadata" : { }
      }
    } ],
    "providedDependencies" : [ {
      "majorSchemaVersion" : 3,
      "name" : "primepath-ui-deployer",
      "isPublic" : false,
      "properties" : { },
      "parameters" : { },
      "propertiesMetadata" : {
        "metadata" : { }
      },
      "parametersMetadata" : {
        "metadata" : { }
      }
    } ],
    "propertiesMetadata" : {
      "metadata" : { }
    },
    "parametersMetadata" : {
      "metadata" : { }
    },
    "hooks" : [ ]
  }, {
    "majorSchemaVersion" : 3,
    "name" : "primepath-approuter",
    "type" : "javascript.nodejs",
    "path" : "primepath-approuter",
    "properties" : { },
    "parameters" : {
      "default-url" : "https://cc04186dtrial-dev-primepath-approuter.cfapps.us10-001.hana.ondemand.com",
      "default-app-name" : "primepath-approuter",
      "generated-password" : "********",
      "default-live-url" : "https://cc04186dtrial-dev-primepath-approuter.cfapps.us10-001.hana.ondemand.com",
      "default-uri" : "cc04186dtrial-dev-primepath-approuter.cfapps.us10-001.hana.ondemand.com",
      "memory" : "128M",
      "default-instances" : 1,
      "default-live-host" : "cc04186dtrial-dev-primepath-approuter",
      "instances" : 1,
      "default-host" : "cc04186dtrial-dev-primepath-approuter",
      "app-name" : "primepath-approuter",
      "default-live-uri" : "cc04186dtrial-dev-primepath-approuter.cfapps.us10-001.hana.ondemand.com",
      "protocol" : "https",
      "default-live-app-name" : "primepath-approuter",
      "default-live-domain" : "cfapps.us10-001.hana.ondemand.com",
      "disk-quota" : "256M",
      "domain" : "cfapps.us10-001.hana.ondemand.com",
      "host" : "cc04186dtrial-dev-primepath-approuter",
      "generated-user" : "********"
    },
    "requiredDependencies" : [ {
      "majorSchemaVersion" : 3,
      "name" : "primepath-html5-repo-runtime",
      "properties" : { },
      "parameters" : { },
      "propertiesMetadata" : {
        "metadata" : { }
      },
      "parametersMetadata" : {
        "metadata" : { }
      }
    }, {
      "majorSchemaVersion" : 3,
      "name" : "primepath-destination",
      "properties" : { },
      "parameters" : { },
      "propertiesMetadata" : {
        "metadata" : { }
      },
      "parametersMetadata" : {
        "metadata" : { }
      }
    } ],
    "providedDependencies" : [ {
      "majorSchemaVersion" : 3,
      "name" : "primepath-approuter",
      "isPublic" : false,
      "properties" : { },
      "parameters" : { },
      "propertiesMetadata" : {
        "metadata" : { }
      },
      "parametersMetadata" : {
        "metadata" : { }
      }
    } ],
    "propertiesMetadata" : {
      "metadata" : { }
    },
    "parametersMetadata" : {
      "metadata" : { }
    },
    "hooks" : [ ]
  } ],
  "resources" : [ {
    "majorSchemaVersion" : 3,
    "name" : "primepath-db",
    "type" : "com.sap.xs.hdi-container",
    "properties" : { },
    "parameters" : {
      "generated-password" : "********",
      "service-name" : "primepath-db",
      "service-plan" : "hdi-shared",
      "service" : "hana",
      "generated-user" : "********",
      "default-xsappname" : "primepath-db",
      "type" : "managed-service",
      "default-service-name" : "primepath-db",
      "default-container-name" : "CC04186DTRIAL_DEV_PRIMEPATH_DB"
    },
    "isActive" : true,
    "isOptional" : false,
    "propertiesMetadata" : {
      "metadata" : { }
    },
    "parametersMetadata" : {
      "metadata" : { }
    },
    "requiredDependencies" : [ ],
    "processedAfter" : [ ]
  }, {
    "majorSchemaVersion" : 3,
    "name" : "primepath-html5-repo-host",
    "type" : "org.cloudfoundry.managed-service",
    "properties" : { },
    "parameters" : {
      "generated-password" : "********",
      "service-name" : "primepath-html5-repo-host",
      "service-plan" : "app-host",
      "service" : "html5-apps-repo",
      "generated-user" : "********",
      "default-xsappname" : "primepath-html5-repo-host",
      "type" : "managed-service",
      "default-service-name" : "primepath-html5-repo-host",
      "default-container-name" : "CC04186DTRIAL_DEV_PRIMEPATH_HTML5_REPO_HOST"
    },
    "isActive" : true,
    "isOptional" : false,
    "propertiesMetadata" : {
      "metadata" : { }
    },
    "parametersMetadata" : {
      "metadata" : { }
    },
    "requiredDependencies" : [ ],
    "processedAfter" : [ ]
  }, {
    "majorSchemaVersion" : 3,
    "name" : "primepath-html5-repo-runtime",
    "type" : "org.cloudfoundry.managed-service",
    "properties" : { },
    "parameters" : {
      "generated-password" : "********",
      "service-name" : "primepath-html5-repo-runtime",
      "service-plan" : "app-runtime",
      "service" : "html5-apps-repo",
      "generated-user" : "********",
      "default-xsappname" : "primepath-html5-repo-runtime",
      "type" : "managed-service",
      "default-service-name" : "primepath-html5-repo-runtime",
      "default-container-name" : "CC04186DTRIAL_DEV_PRIMEPATH_HTML5_REPO_RUNTIME"
    },
    "isActive" : true,
    "isOptional" : false,
    "propertiesMetadata" : {
      "metadata" : { }
    },
    "parametersMetadata" : {
      "metadata" : { }
    },
    "requiredDependencies" : [ ],
    "processedAfter" : [ ]
  }, {
    "majorSchemaVersion" : 3,
    "name" : "primepath-destination",
    "type" : "org.cloudfoundry.managed-service",
    "properties" : { },
    "parameters" : {
      "generated-password" : "********",
      "service-name" : "primepath-destination",
      "service-plan" : "lite",
      "service" : "destination",
      "generated-user" : "********",
      "default-xsappname" : "primepath-destination",
      "type" : "managed-service",
      "config" : {
        "HTML5Runtime_enabled" : true,
        "init_data" : {
          "subaccount" : {
            "destinations" : [ {
              "Authentication" : "********",
              "HTML5.DynamicDestination" : true,
              "HTML5.ForwardAuthToken" : "********",
              "Name" : "primepath-srv-api",
              "ProxyType" : "Internet",
              "Type" : "HTTP",
              "URL" : "https://cc04186dtrial-dev-primepath-srv.cfapps.us10-001.hana.ondemand.com"
            } ],
            "existing_destinations_policy" : "update"
          }
        }
      },
      "default-service-name" : "primepath-destination",
      "default-container-name" : "CC04186DTRIAL_DEV_PRIMEPATH_DESTINATION"
    },
    "isActive" : true,
    "isOptional" : false,
    "propertiesMetadata" : {
      "metadata" : { }
    },
    "parametersMetadata" : {
      "metadata" : { }
    },
    "requiredDependencies" : [ {
      "majorSchemaVersion" : 3,
      "name" : "srv-api",
      "properties" : { },
      "parameters" : { },
      "propertiesMetadata" : {
        "metadata" : { }
      },
      "parametersMetadata" : {
        "metadata" : { }
      }
    } ],
    "processedAfter" : [ ]
  } ],
  "parameters" : {
    "deploy_mode" : "html5-repo",
    "mta-id" : "primepath-travel-dashboard",
    "authorization-url" : "********",
    "org-guid" : "dfe57157-b13a-41ad-9ad5-c1f3b3a8355a",
    "org" : "cc04186dtrial",
    "deploy-target" : "cc04186dtrial dev",
    "enable-parallel-deployments" : true,
    "region-primary-domain" : "us10.hana.ondemand.com",
    "space" : "dev",
    "region-domain" : "us10-001.hana.ondemand.com",
    "xs-api-url" : "https://api.cf.us10-001.hana.ondemand.com",
    "deploy-url" : "deploy-service.cfapps.us10-001.hana.ondemand.com",
    "xs-type" : "CF",
    "default-domain" : "cfapps.us10-001.hana.ondemand.com",
    "mta-version" : "1.0.0",
    "xs-auth-url" : "********",
    "space-guid" : "ba9bcafa-b107-42ac-8bb7-2f459d18c4c3",
    "user" : "********",
    "controller-url" : "https://api.cf.us10-001.hana.ondemand.com",
    "timestamp" : "20260619100936"
  },
  "parametersMetadata" : {
    "metadata" : { }
  }
}#
#2026 06 19 10:09:38.601#Z#DEBUG#fa252145-6bc6-11f1-9c60-eeee0a944cb1.OPERATION#flowable-async-job-executor-thread-280#
[ProcessDescriptorStep] Merged descriptor properties and parameters resolved#
#2026 06 19 10:09:38.601#Z#DEBUG#fa252145-6bc6-11f1-9c60-eeee0a944cb1.OPERATION#flowable-async-job-executor-thread-280#
Step "Process Descriptor Step" finished#
#2026 06 19 10:09:38.660#Z#DEBUG#fa252145-6bc6-11f1-9c60-eeee0a944cb1.OPERATION#flowable-async-job-executor-thread-284#
[XS2BuildCloudDeployModelStep] Executing task "buildDeployModelTask" of process "fa25216b-6bc6-11f1-9c60-eeee0a944cb1"...#
#2026 06 19 10:09:38.664#Z#DEBUG#fa252145-6bc6-11f1-9c60-eeee0a944cb1.OPERATION#flowable-async-job-executor-thread-284#
[XS2BuildCloudDeployModelStep] Service keys defined for content deployment grouped by service name: {
  "primepath-html5-repo-host" : [ {
    "name" : "********",
    "v3Metadata" : {
      "annotations" : {
        "mta_id" : "primepath-travel-dashboard",
        "mta_version" : "1.0.0"
      },
      "labels" : {
        "mta_id" : "2b638277e7512a6996c900c538a83154",
        "space_guid" : "ba9bcafa-b107-42ac-8bb7-2f459d18c4c3"
      }
    },
    "credentials" : "********",
    "moduleName" : "primepath-ui-deployer",
    "resourceName" : "primepath-html5-repo-host",
    "serviceInstance" : {
      "isOptional" : false,
      "isManaged" : false,
      "name" : "primepath-html5-repo-host",
      "credentials" : "********",
      "tags" : [ ],
      "shouldSkipParametersUpdate" : false,
      "shouldSkipPlanUpdate" : false,
      "shouldSkipTagsUpdate" : false,
      "shouldSkipSyslogUrlUpdate" : false
    },
    "shouldDeleteServiceKeyAfterDeploy" : "********",
    "resourceType" : "org.cloudfoundry.managed-service"
  } ]
}#
#2026 06 19 10:09:38.664#Z#DEBUG#fa252145-6bc6-11f1-9c60-eeee0a944cb1.OPERATION#flowable-async-job-executor-thread-284#
[XS2BuildCloudDeployModelStep] Building cloud deployment model...#
#2026 06 19 10:09:38.667#Z#DEBUG#fa252145-6bc6-11f1-9c60-eeee0a944cb1.OPERATION#flowable-async-job-executor-thread-284#
[XS2BuildCloudDeployModelStep] MTA archive modules: [primepath-ui-deployer, primepath-db-deployer, primepath-srv, primepath-approuter]#
#2026 06 19 10:09:38.667#Z#DEBUG#fa252145-6bc6-11f1-9c60-eeee0a944cb1.OPERATION#flowable-async-job-executor-thread-284#
[XS2BuildCloudDeployModelStep] Deployed modules: [primepath-approuter, primepath-db-deployer, primepath-srv]#
#2026 06 19 10:09:38.669#Z#DEBUG#fa252145-6bc6-11f1-9c60-eeee0a944cb1.OPERATION#flowable-async-job-executor-thread-284#
[XS2BuildCloudDeployModelStep] MTA modules: [primepath-ui-deployer, primepath-db-deployer, primepath-srv, primepath-approuter]#
#2026 06 19 10:09:38.669#Z#DEBUG#fa252145-6bc6-11f1-9c60-eeee0a944cb1.OPERATION#flowable-async-job-executor-thread-284#
[XS2BuildCloudDeployModelStep] Service keys to create: {
  "primepath-html5-repo-host" : [ ],
  "primepath-destination" : [ ],
  "primepath-db" : [ ],
  "primepath-html5-repo-runtime" : [ ]
}#
#2026 06 19 10:09:38.670#Z#DEBUG#fa252145-6bc6-11f1-9c60-eeee0a944cb1.OPERATION#flowable-async-job-executor-thread-284#
[XS2BuildCloudDeployModelStep] Modules to deploy: [{
  "majorSchemaVersion" : 3,
  "name" : "primepath-srv",
  "type" : "javascript.nodejs",
  "path" : "primepath-srv",
  "properties" : { },
  "parameters" : {
    "default-url" : "https://cc04186dtrial-dev-primepath-srv.cfapps.us10-001.hana.ondemand.com",
    "default-app-name" : "primepath-srv",
    "generated-password" : "********",
    "default-live-url" : "https://cc04186dtrial-dev-primepath-srv.cfapps.us10-001.hana.ondemand.com",
    "default-uri" : "cc04186dtrial-dev-primepath-srv.cfapps.us10-001.hana.ondemand.com",
    "memory" : "256M",
    "default-instances" : 1,
    "default-live-host" : "cc04186dtrial-dev-primepath-srv",
    "instances" : 1,
    "buildpack" : "nodejs_buildpack",
    "default-host" : "cc04186dtrial-dev-primepath-srv",
    "app-name" : "primepath-srv",
    "default-live-uri" : "cc04186dtrial-dev-primepath-srv.cfapps.us10-001.hana.ondemand.com",
    "protocol" : "https",
    "default-live-app-name" : "primepath-srv",
    "default-live-domain" : "cfapps.us10-001.hana.ondemand.com",
    "disk-quota" : "512M",
    "dependency-type" : "soft",
    "domain" : "cfapps.us10-001.hana.ondemand.com",
    "host" : "cc04186dtrial-dev-primepath-srv",
    "generated-user" : "********"
  },
  "requiredDependencies" : [ {
    "majorSchemaVersion" : 3,
    "name" : "primepath-db",
    "properties" : { },
    "parameters" : { },
    "propertiesMetadata" : {
      "metadata" : { }
    },
    "parametersMetadata" : {
      "metadata" : { }
    }
  }, {
    "majorSchemaVersion" : 3,
    "name" : "primepath-destination",
    "properties" : { },
    "parameters" : { },
    "propertiesMetadata" : {
      "metadata" : { }
    },
    "parametersMetadata" : {
      "metadata" : { }
    }
  } ],
  "providedDependencies" : [ {
    "majorSchemaVersion" : 3,
    "name" : "srv-api",
    "isPublic" : false,
    "properties" : {
      "srv-url" : "https://cc04186dtrial-dev-primepath-srv.cfapps.us10-001.hana.ondemand.com"
    },
    "parameters" : { },
    "propertiesMetadata" : {
      "metadata" : { }
    },
    "parametersMetadata" : {
      "metadata" : { }
    }
  }, {
    "majorSchemaVersion" : 3,
    "name" : "primepath-srv",
    "isPublic" : false,
    "properties" : { },
    "parameters" : { },
    "propertiesMetadata" : {
      "metadata" : { }
    },
    "parametersMetadata" : {
      "metadata" : { }
    }
  } ],
  "propertiesMetadata" : {
    "metadata" : { }
  },
  "parametersMetadata" : {
    "metadata" : { }
  },
  "deployedAfter" : [ ],
  "hooks" : [ ]
}, {
  "majorSchemaVersion" : 3,
  "name" : "primepath-db-deployer",
  "type" : "com.sap.xs.hdi",
  "path" : "primepath-db-deployer",
  "properties" : {
    "EXIT" : 1
  },
  "parameters" : {
    "default-url" : "https://cc04186dtrial-dev-primepath-db-deployer.cfapps.us10-001.hana.ondemand.com",
    "default-app-name" : "primepath-db-deployer",
    "generated-password" : "********",
    "default-live-url" : "https://cc04186dtrial-dev-primepath-db-deployer.cfapps.us10-001.hana.ondemand.com",
    "default-uri" : "cc04186dtrial-dev-primepath-db-deployer.cfapps.us10-001.hana.ondemand.com",
    "memory" : "256M",
    "default-instances" : 1,
    "no-route" : true,
    "default-live-host" : "cc04186dtrial-dev-primepath-db-deployer",
    "instances" : 1,
    "buildpack" : "nodejs_buildpack",
    "default-host" : "cc04186dtrial-dev-primepath-db-deployer",
    "app-name" : "primepath-db-deployer",
    "default-live-uri" : "cc04186dtrial-dev-primepath-db-deployer.cfapps.us10-001.hana.ondemand.com",
    "protocol" : "https",
    "default-live-app-name" : "primepath-db-deployer",
    "default-live-domain" : "cfapps.us10-001.hana.ondemand.com",
    "dependency-type" : "hard",
    "domain" : "cfapps.us10-001.hana.ondemand.com",
    "host" : "cc04186dtrial-dev-primepath-db-deployer",
    "generated-user" : "********",
    "tasks" : [ {
      "command" : "npm start",
      "memory" : "256M",
      "name" : "deploy"
    } ],
    "no-start" : true
  },
  "requiredDependencies" : [ {
    "majorSchemaVersion" : 3,
    "name" : "primepath-db",
    "properties" : { },
    "parameters" : { },
    "propertiesMetadata" : {
      "metadata" : { }
    },
    "parametersMetadata" : {
      "metadata" : { }
    }
  } ],
  "providedDependencies" : [ {
    "majorSchemaVersion" : 3,
    "name" : "primepath-db-deployer",
    "isPublic" : false,
    "properties" : { },
    "parameters" : { },
    "propertiesMetadata" : {
      "metadata" : { }
    },
    "parametersMetadata" : {
      "metadata" : { }
    }
  } ],
  "propertiesMetadata" : {
    "metadata" : { }
  },
  "parametersMetadata" : {
    "metadata" : { }
  },
  "deployedAfter" : [ ],
  "hooks" : [ ]
}, {
  "majorSchemaVersion" : 3,
  "name" : "primepath-ui-deployer",
  "type" : "com.sap.application.content",
  "path" : "primepath-ui-deployer",
  "properties" : { },
  "parameters" : {
    "default-url" : "https://cc04186dtrial-dev-primepath-ui-deployer.cfapps.us10-001.hana.ondemand.com",
    "default-app-name" : "primepath-ui-deployer",
    "generated-password" : "********",
    "default-live-url" : "https://cc04186dtrial-dev-primepath-ui-deployer.cfapps.us10-001.hana.ondemand.com",
    "default-uri" : "cc04186dtrial-dev-primepath-ui-deployer.cfapps.us10-001.hana.ondemand.com",
    "default-instances" : 1,
    "default-live-host" : "cc04186dtrial-dev-primepath-ui-deployer",
    "instances" : 1,
    "default-host" : "cc04186dtrial-dev-primepath-ui-deployer",
    "app-name" : "primepath-ui-deployer",
    "default-live-uri" : "cc04186dtrial-dev-primepath-ui-deployer.cfapps.us10-001.hana.ondemand.com",
    "protocol" : "https",
    "default-live-app-name" : "primepath-ui-deployer",
    "default-live-domain" : "cfapps.us10-001.hana.ondemand.com",
    "dependency-type" : "soft",
    "domain" : "cfapps.us10-001.hana.ondemand.com",
    "host" : "cc04186dtrial-dev-primepath-ui-deployer",
    "generated-user" : "********"
  },
  "requiredDependencies" : [ {
    "majorSchemaVersion" : 3,
    "name" : "primepath-html5-repo-host",
    "properties" : { },
    "parameters" : {
      "content-target" : true
    },
    "propertiesMetadata" : {
      "metadata" : { }
    },
    "parametersMetadata" : {
      "metadata" : { }
    }
  } ],
  "providedDependencies" : [ {
    "majorSchemaVersion" : 3,
    "name" : "primepath-ui-deployer",
    "isPublic" : false,
    "properties" : { },
    "parameters" : { },
    "propertiesMetadata" : {
      "metadata" : { }
    },
    "parametersMetadata" : {
      "metadata" : { }
    }
  } ],
  "propertiesMetadata" : {
    "metadata" : { }
  },
  "parametersMetadata" : {
    "metadata" : { }
  },
  "deployedAfter" : [ ],
  "hooks" : [ ]
}, {
  "majorSchemaVersion" : 3,
  "name" : "primepath-approuter",
  "type" : "javascript.nodejs",
  "path" : "primepath-approuter",
  "properties" : { },
  "parameters" : {
    "default-url" : "https://cc04186dtrial-dev-primepath-approuter.cfapps.us10-001.hana.ondemand.com",
    "default-app-name" : "primepath-approuter",
    "generated-password" : "********",
    "default-live-url" : "https://cc04186dtrial-dev-primepath-approuter.cfapps.us10-001.hana.ondemand.com",
    "default-uri" : "cc04186dtrial-dev-primepath-approuter.cfapps.us10-001.hana.ondemand.com",
    "memory" : "128M",
    "default-instances" : 1,
    "default-live-host" : "cc04186dtrial-dev-primepath-approuter",
    "instances" : 1,
    "default-host" : "cc04186dtrial-dev-primepath-approuter",
    "app-name" : "primepath-approuter",
    "default-live-uri" : "cc04186dtrial-dev-primepath-approuter.cfapps.us10-001.hana.ondemand.com",
    "protocol" : "https",
    "default-live-app-name" : "primepath-approuter",
    "default-live-domain" : "cfapps.us10-001.hana.ondemand.com",
    "disk-quota" : "256M",
    "dependency-type" : "soft",
    "domain" : "cfapps.us10-001.hana.ondemand.com",
    "host" : "cc04186dtrial-dev-primepath-approuter",
    "generated-user" : "********"
  },
  "requiredDependencies" : [ {
    "majorSchemaVersion" : 3,
    "name" : "primepath-html5-repo-runtime",
    "properties" : { },
    "parameters" : { },
    "propertiesMetadata" : {
      "metadata" : { }
    },
    "parametersMetadata" : {
      "metadata" : { }
    }
  }, {
    "majorSchemaVersion" : 3,
    "name" : "primepath-destination",
    "properties" : { },
    "parameters" : { },
    "propertiesMetadata" : {
      "metadata" : { }
    },
    "parametersMetadata" : {
      "metadata" : { }
    }
  } ],
  "providedDependencies" : [ {
    "majorSchemaVersion" : 3,
    "name" : "primepath-approuter",
    "isPublic" : false,
    "properties" : { },
    "parameters" : { },
    "propertiesMetadata" : {
      "metadata" : { }
    },
    "parametersMetadata" : {
      "metadata" : { }
    }
  } ],
  "propertiesMetadata" : {
    "metadata" : { }
  },
  "parametersMetadata" : {
    "metadata" : { }
  },
  "deployedAfter" : [ ],
  "hooks" : [ ]
}]#
#2026 06 19 10:09:38.671#Z#DEBUG#fa252145-6bc6-11f1-9c60-eeee0a944cb1.OPERATION#flowable-async-job-executor-thread-284#
[XS2BuildCloudDeployModelStep] Custom domains: []#
#2026 06 19 10:09:38.673#Z#DEBUG#fa252145-6bc6-11f1-9c60-eeee0a944cb1.OPERATION#flowable-async-job-executor-thread-284#
[XS2BuildCloudDeployModelStep] Calculating resource batches...#
#2026 06 19 10:09:38.673#Z#DEBUG#fa252145-6bc6-11f1-9c60-eeee0a944cb1.OPERATION#flowable-async-job-executor-thread-284#
[XS2BuildCloudDeployModelStep] Calculating resource batches completed.#
#2026 06 19 10:09:38.673#Z#DEBUG#fa252145-6bc6-11f1-9c60-eeee0a944cb1.OPERATION#flowable-async-job-executor-thread-284#
[XS2BuildCloudDeployModelStep] Cloud deployment model built#
#2026 06 19 10:09:38.673#Z#DEBUG#fa252145-6bc6-11f1-9c60-eeee0a944cb1.OPERATION#flowable-async-job-executor-thread-284#
Step "Build Deploy Model" finished#
#2026 06 19 10:09:38.743#Z#DEBUG#fa252145-6bc6-11f1-9c60-eeee0a944cb1.OPERATION#flowable-async-job-executor-thread-272#
[BuildCloudUndeployModelStep] Executing task "buildUndeployModelTask" of process "fa25216b-6bc6-11f1-9c60-eeee0a944cb1"...#
#2026 06 19 10:09:38.744#Z#DEBUG#fa252145-6bc6-11f1-9c60-eeee0a944cb1.OPERATION#flowable-async-job-executor-thread-272#
[BuildCloudUndeployModelStep] Building cloud undeployment model...#
#2026 06 19 10:09:38.747#Z#DEBUG#fa252145-6bc6-11f1-9c60-eeee0a944cb1.OPERATION#flowable-async-job-executor-thread-272#
[BuildCloudUndeployModelStep] Detecting service keys to delete.#
#2026 06 19 10:09:38.748#Z#DEBUG#fa252145-6bc6-11f1-9c60-eeee0a944cb1.OPERATION#flowable-async-job-executor-thread-272#
[BuildCloudUndeployModelStep] Detected deployed service keys by service "{primepath-html5-repo-host=[DeployedMtaServiceKey{name=primepath-ui-deployer-primepath-html5-repo-host-credentials, metadata=CloudMetadata{guid=66d9efb5-ef3a-42e7-b8c4-e5921635a412, createdAt=2026-06-17T22:43:40, updatedAt=2026-06-17T22:43:41, url=null}, v3Metadata=Metadata{annotations={mta_id=primepath-travel-dashboard, mta_version=1.0.0}, labels={mta_id=2b638277e7512a6996c900c538a83154, space_guid=ba9bcafa-b107-42ac-8bb7-2f459d18c4c3}}, credentials=null, serviceInstance=CloudServiceInstance{name=primepath-html5-repo-host, metadata=CloudMetadata{guid=fe221e38-2a62-484c-a386-c256e569d66d, createdAt=2026-06-17T22:43:21, updatedAt=2026-06-17T22:43:22, url=null}, v3Metadata=Metadata{annotations={mta_id=primepath-travel-dashboard, mta_version=1.0.0, mta_resource={"name":"primepath-html5-repo-host"}}, labels={mta_id=2b638277e7512a6996c900c538a83154}}, label=null, plan=null, provider=null, broker=null, version=null, credentials={}, syslogDrainUrl=null, tags=[], type=managed, lastOperation=null}, serviceKeyOperation=null, resourceName=null}]}"#
#2026 06 19 10:09:38.751#Z#DEBUG#fa252145-6bc6-11f1-9c60-eeee0a944cb1.OPERATION#flowable-async-job-executor-thread-272#
[BuildCloudUndeployModelStep] New service keys by service "{primepath-html5-repo-host=[primepath-ui-deployer-primepath-html5-repo-host-credentials]}"#
#2026 06 19 10:09:38.754#Z#DEBUG#fa252145-6bc6-11f1-9c60-eeee0a944cb1.OPERATION#flowable-async-job-executor-thread-272#
[BuildCloudUndeployModelStep] Existing service keys by service "{}"#
#2026 06 19 10:09:38.754#Z#DEBUG#fa252145-6bc6-11f1-9c60-eeee0a944cb1.OPERATION#flowable-async-job-executor-thread-272#
[BuildCloudUndeployModelStep] Detected service keys to delete "[]"#
#2026 06 19 10:09:38.759#Z#DEBUG#fa252145-6bc6-11f1-9c60-eeee0a944cb1.OPERATION#flowable-async-job-executor-thread-272#
[BuildCloudUndeployModelStep] MTA modules: [primepath-ui-deployer, primepath-db-deployer, primepath-srv, primepath-approuter]#
#2026 06 19 10:09:38.759#Z#DEBUG#fa252145-6bc6-11f1-9c60-eeee0a944cb1.OPERATION#flowable-async-job-executor-thread-272#
[BuildCloudUndeployModelStep] Modules to undeploy: [ ]#
#2026 06 19 10:09:38.759#Z#DEBUG#fa252145-6bc6-11f1-9c60-eeee0a944cb1.OPERATION#flowable-async-job-executor-thread-272#
[BuildCloudUndeployModelStep] Modules that won't be changed: [ ]#
#2026 06 19 10:09:38.761#Z#DEBUG#fa252145-6bc6-11f1-9c60-eeee0a944cb1.OPERATION#flowable-async-job-executor-thread-272#
[BuildCloudUndeployModelStep] Subscriptions to delete: [ ]#
#2026 06 19 10:09:38.763#Z#DEBUG#fa252145-6bc6-11f1-9c60-eeee0a944cb1.OPERATION#flowable-async-job-executor-thread-272#
[BuildCloudUndeployModelStep] Cloud services to delete: []#
#2026 06 19 10:09:38.763#Z#DEBUG#fa252145-6bc6-11f1-9c60-eeee0a944cb1.OPERATION#flowable-async-job-executor-thread-272#
[BuildCloudUndeployModelStep] Cloud applications to undeploy: [ ]#
#2026 06 19 10:09:38.767#Z#DEBUG#fa252145-6bc6-11f1-9c60-eeee0a944cb1.OPERATION#flowable-async-job-executor-thread-272#
[BuildCloudUndeployModelStep] Cloud undeployment model built#
#2026 06 19 10:09:38.767#Z#DEBUG#fa252145-6bc6-11f1-9c60-eeee0a944cb1.OPERATION#flowable-async-job-executor-thread-272#
Step "Build Undeploy Model" finished#
#2026 06 19 10:09:38.817#Z#DEBUG#fa252145-6bc6-11f1-9c60-eeee0a944cb1.OPERATION#flowable-async-job-executor-thread-282#
[AddDomainsStep] Executing task "addDomainsTask" of process "fa25216b-6bc6-11f1-9c60-eeee0a944cb1"...#
#2026 06 19 10:09:38.819#Z#DEBUG#fa252145-6bc6-11f1-9c60-eeee0a944cb1.OPERATION#flowable-async-job-executor-thread-282#
[AddDomainsStep] Custom domains: []#
#2026 06 19 10:09:38.819#Z#DEBUG#fa252145-6bc6-11f1-9c60-eeee0a944cb1.OPERATION#flowable-async-job-executor-thread-282#
Step "Add Domains" finished#
#2026 06 19 10:09:39.011#Z#DEBUG#fa252145-6bc6-11f1-9c60-eeee0a944cb1.OPERATION#flowable-async-job-executor-thread-281#
[ExtractBatchedServicesWithResolvedDynamicParametersStep] Executing task "prepareModulesDeploymentTask" of process "fb505b85-6bc6-11f1-9c60-eeee0a944cb1"...#
#2026 06 19 10:09:39.016#Z#DEBUG#fa252145-6bc6-11f1-9c60-eeee0a944cb1.OPERATION#flowable-async-job-executor-thread-281#
[ExtractBatchedServicesWithResolvedDynamicParametersStep] Extracting services and resolving dynamic parameters from batch#
#2026 06 19 10:09:39.017#Z#DEBUG#fa252145-6bc6-11f1-9c60-eeee0a944cb1.OPERATION#flowable-async-job-executor-thread-281#
[ExtractBatchedServicesWithResolvedDynamicParametersStep] Services to create: [ {
  "isOptional" : false,
  "isManaged" : true,
  "name" : "primepath-db",
  "v3Metadata" : {
    "annotations" : {
      "mta_id" : "primepath-travel-dashboard",
      "mta_version" : "1.0.0",
      "mta_resource" : "{\"name\":\"primepath-db\"}"
    },
    "labels" : {
      "mta_id" : "2b638277e7512a6996c900c538a83154"
    }
  },
  "label" : "hana",
  "plan" : "hdi-shared",
  "credentials" : "********",
  "tags" : [ ],
  "type" : "managed",
  "resourceName" : "primepath-db",
  "shouldSkipParametersUpdate" : false,
  "shouldSkipPlanUpdate" : false,
  "shouldSkipTagsUpdate" : false,
  "shouldSkipSyslogUrlUpdate" : false
}, {
  "isOptional" : false,
  "isManaged" : true,
  "name" : "primepath-html5-repo-host",
  "v3Metadata" : {
    "annotations" : {
      "mta_id" : "primepath-travel-dashboard",
      "mta_version" : "1.0.0",
      "mta_resource" : "{\"name\":\"primepath-html5-repo-host\"}"
    },
    "labels" : {
      "mta_id" : "2b638277e7512a6996c900c538a83154"
    }
  },
  "label" : "html5-apps-repo",
  "plan" : "app-host",
  "credentials" : "********",
  "tags" : [ ],
  "type" : "managed",
  "resourceName" : "primepath-html5-repo-host",
  "shouldSkipParametersUpdate" : false,
  "shouldSkipPlanUpdate" : false,
  "shouldSkipTagsUpdate" : false,
  "shouldSkipSyslogUrlUpdate" : false
}, {
  "isOptional" : false,
  "isManaged" : true,
  "name" : "primepath-html5-repo-runtime",
  "v3Metadata" : {
    "annotations" : {
      "mta_id" : "primepath-travel-dashboard",
      "mta_version" : "1.0.0",
      "mta_resource" : "{\"name\":\"primepath-html5-repo-runtime\"}"
    },
    "labels" : {
      "mta_id" : "2b638277e7512a6996c900c538a83154"
    }
  },
  "label" : "html5-apps-repo",
  "plan" : "app-runtime",
  "credentials" : "********",
  "tags" : [ ],
  "type" : "managed",
  "resourceName" : "primepath-html5-repo-runtime",
  "shouldSkipParametersUpdate" : false,
  "shouldSkipPlanUpdate" : false,
  "shouldSkipTagsUpdate" : false,
  "shouldSkipSyslogUrlUpdate" : false
}, {
  "isOptional" : false,
  "isManaged" : true,
  "name" : "primepath-destination",
  "v3Metadata" : {
    "annotations" : {
      "mta_id" : "primepath-travel-dashboard",
      "mta_version" : "1.0.0",
      "mta_resource" : "{\"name\":\"primepath-destination\"}"
    },
    "labels" : {
      "mta_id" : "2b638277e7512a6996c900c538a83154"
    }
  },
  "label" : "destination",
  "plan" : "lite",
  "credentials" : "********",
  "tags" : [ ],
  "type" : "managed",
  "resourceName" : "primepath-destination",
  "shouldSkipParametersUpdate" : false,
  "shouldSkipPlanUpdate" : false,
  "shouldSkipTagsUpdate" : false,
  "shouldSkipSyslogUrlUpdate" : false
} ]#
#2026 06 19 10:09:39.019#Z#DEBUG#fa252145-6bc6-11f1-9c60-eeee0a944cb1.OPERATION#flowable-async-job-executor-thread-281#
Step "Extract Services with Resolved Dynamic parameters from batch" finished#
#2026 06 19 10:09:39.188#Z#DEBUG#fa252145-6bc6-11f1-9c60-eeee0a944cb1.OPERATION#flowable-async-job-executor-thread-285#
[CheckServiceOperationStateStep] Executing task "CheckServiceOperationStateTask" of process "fb6cbc9f-6bc6-11f1-9c60-eeee0a944cb1"...#
#2026 06 19 10:09:39.189#Z#DEBUG#fa252145-6bc6-11f1-9c60-eeee0a944cb1.OPERATION#flowable-async-job-executor-thread-285#
[CheckServiceOperationStateStep] Getting service instance "primepath-html5-repo-host"...#
#2026 06 19 10:09:39.345#Z#DEBUG#fa252145-6bc6-11f1-9c60-eeee0a944cb1.OPERATION#flowable-async-job-executor-thread-285#
Step "Check for service operations in Progress" finished#
#2026 06 19 10:09:39.388#Z#DEBUG#fa252145-6bc6-11f1-9c60-eeee0a944cb1.OPERATION#flowable-async-job-executor-thread-285#
[DetermineServiceCreateUpdateServiceActionsStep] Executing task "DetermineServiceCreateUpdateActionsTask" of process "fb6cbc9f-6bc6-11f1-9c60-eeee0a944cb1"...#
#2026 06 19 10:09:39.393#Z#INFO#fa252145-6bc6-11f1-9c60-eeee0a944cb1.OPERATION#flowable-async-job-executor-thread-285#
[DetermineServiceCreateUpdateServiceActionsStep] Processing service "primepath-html5-repo-host"...#
#2026 06 19 10:09:39.401#Z#DEBUG#fa252145-6bc6-11f1-9c60-eeee0a944cb1.OPERATION#flowable-async-job-executor-thread-285#
[DetermineServiceCreateUpdateServiceActionsStep] Getting service instance "primepath-html5-repo-host"...#
#2026 06 19 10:09:39.541#Z#DEBUG#fa252145-6bc6-11f1-9c60-eeee0a944cb1.OPERATION#flowable-async-job-executor-thread-285#
[DetermineServiceCreateUpdateServiceActionsStep] Existing service: {
  "name" : "primepath-html5-repo-host",
  "metadata" : {
    "guid" : "fe221e38-2a62-484c-a386-c256e569d66d",
    "createdAt" : [ 2026, 6, 17, 22, 43, 21 ],
    "updatedAt" : [ 2026, 6, 17, 22, 43, 22 ]
  },
  "v3Metadata" : {
    "annotations" : {
      "mta_id" : "primepath-travel-dashboard",
      "mta_version" : "1.0.0",
      "mta_resource" : "{\"name\":\"primepath-html5-repo-host\"}"
    },
    "labels" : {
      "mta_id" : "2b638277e7512a6996c900c538a83154"
    }
  },
  "label" : "html5-apps-repo",
  "plan" : "app-host",
  "credentials" : "********",
  "tags" : [ ],
  "type" : "managed",
  "lastOperation" : {
    "type" : "CREATE",
    "description" : "",
    "state" : "SUCCEEDED"
  }
}#
#2026 06 19 10:09:39.541#Z#WARN#fa252145-6bc6-11f1-9c60-eeee0a944cb1.OPERATION#flowable-async-job-executor-thread-285#
[DetermineServiceCreateUpdateServiceActionsStep] Service parameters for service "primepath-html5-repo-host" will not be updated, as the parameters are not defined or empty.#
#2026 06 19 10:09:39.541#Z#DEBUG#fa252145-6bc6-11f1-9c60-eeee0a944cb1.OPERATION#flowable-async-job-executor-thread-285#
Step "Determine update actions" finished#
#2026 06 19 10:09:39.606#Z#DEBUG#fa252145-6bc6-11f1-9c60-eeee0a944cb1.OPERATION#flowable-async-job-executor-thread-281#
[CheckForServiceBindingOrKeyOperationStep] Executing task "CheckForServiceBindingOrKeyCreation" of process "fb6cbc9f-6bc6-11f1-9c60-eeee0a944cb1"...#
#2026 06 19 10:09:39.610#Z#DEBUG#fa252145-6bc6-11f1-9c60-eeee0a944cb1.OPERATION#flowable-async-job-executor-thread-281#
Step "Check for service binding or key creation" finished#
#2026 06 19 10:09:41.539#Z#DEBUG#fa252145-6bc6-11f1-9c60-eeee0a944cb1.OPERATION#flowable-async-job-executor-thread-300#
[CheckServiceOperationStateStep] Executing task "CheckServiceOperationStateTask" of process "fcd8d02d-6bc6-11f1-9e25-eeee0a983c96"...#
#2026 06 19 10:09:41.610#Z#DEBUG#fa252145-6bc6-11f1-9c60-eeee0a944cb1.OPERATION#flowable-async-job-executor-thread-300#
[CheckServiceOperationStateStep] Getting service instance "primepath-destination"...#
#2026 06 19 10:09:41.760#Z#DEBUG#fa252145-6bc6-11f1-9c60-eeee0a944cb1.OPERATION#flowable-async-job-executor-thread-300#
Step "Check for service operations in Progress" finished#
#2026 06 19 10:09:41.660#Z#DEBUG#fa252145-6bc6-11f1-9c60-eeee0a944cb1.OPERATION#flowable-async-job-executor-thread-284#
[CheckServiceOperationStateStep] Executing task "CheckServiceOperationStateTask" of process "fce9c033-6bc6-11f1-9c60-eeee0a944cb1"...#
#2026 06 19 10:09:41.662#Z#DEBUG#fa252145-6bc6-11f1-9c60-eeee0a944cb1.OPERATION#flowable-async-job-executor-thread-284#
[CheckServiceOperationStateStep] Getting service instance "primepath-db"...#
#2026 06 19 10:09:41.784#Z#DEBUG#fa252145-6bc6-11f1-9c60-eeee0a944cb1.OPERATION#flowable-async-job-executor-thread-284#
Step "Check for service operations in Progress" finished#
#2026 06 19 10:09:41.790#Z#DEBUG#fa252145-6bc6-11f1-9c60-eeee0a944cb1.OPERATION#flowable-async-job-executor-thread-300#
[DetermineServiceCreateUpdateServiceActionsStep] Executing task "DetermineServiceCreateUpdateActionsTask" of process "fcd8d02d-6bc6-11f1-9e25-eeee0a983c96"...#
#2026 06 19 10:09:41.791#Z#INFO#fa252145-6bc6-11f1-9c60-eeee0a944cb1.OPERATION#flowable-async-job-executor-thread-300#
[DetermineServiceCreateUpdateServiceActionsStep] Processing service "primepath-destination"...#
#2026 06 19 10:09:41.796#Z#DEBUG#fa252145-6bc6-11f1-9c60-eeee0a944cb1.OPERATION#flowable-async-job-executor-thread-300#
[DetermineServiceCreateUpdateServiceActionsStep] Getting service instance "primepath-destination"...#
#2026 06 19 10:09:41.930#Z#DEBUG#fa252145-6bc6-11f1-9c60-eeee0a944cb1.OPERATION#flowable-async-job-executor-thread-300#
[DetermineServiceCreateUpdateServiceActionsStep] Existing service: {
  "name" : "primepath-destination",
  "metadata" : {
    "guid" : "cc41ed37-59e7-4ffe-b2fd-c6eb671162a6",
    "createdAt" : [ 2026, 6, 17, 22, 43, 25 ],
    "updatedAt" : [ 2026, 6, 17, 22, 43, 27 ]
  },
  "v3Metadata" : {
    "annotations" : {
      "mta_id" : "primepath-travel-dashboard",
      "mta_version" : "1.0.0",
      "mta_resource" : "{\"name\":\"primepath-destination\"}"
    },
    "labels" : {
      "mta_id" : "2b638277e7512a6996c900c538a83154"
    }
  },
  "label" : "destination",
  "plan" : "lite",
  "credentials" : "********",
  "tags" : [ ],
  "type" : "managed",
  "lastOperation" : {
    "type" : "UPDATE",
    "description" : "",
    "state" : "SUCCEEDED"
  }
}#
#2026 06 19 10:09:41.930#Z#DEBUG#fa252145-6bc6-11f1-9c60-eeee0a944cb1.OPERATION#flowable-async-job-executor-thread-300#
[DetermineServiceCreateUpdateServiceActionsStep] Service parameters will be updated#
#2026 06 19 10:09:41.930#Z#DEBUG#fa252145-6bc6-11f1-9c60-eeee0a944cb1.OPERATION#flowable-async-job-executor-thread-300#
[DetermineServiceCreateUpdateServiceActionsStep] New parameters: {
  "HTML5Runtime_enabled" : true,
  "init_data" : {
    "subaccount" : {
      "destinations" : [ {
        "Authentication" : "********",
        "HTML5.DynamicDestination" : true,
        "HTML5.ForwardAuthToken" : "********",
        "Name" : "primepath-srv-api",
        "ProxyType" : "Internet",
        "Type" : "HTTP",
        "URL" : "https://cc04186dtrial-dev-primepath-srv.cfapps.us10-001.hana.ondemand.com"
      } ],
      "existing_destinations_policy" : "update"
    }
  }
}#
#2026 06 19 10:09:41.930#Z#DEBUG#fa252145-6bc6-11f1-9c60-eeee0a944cb1.OPERATION#flowable-async-job-executor-thread-300#
Step "Determine update actions" finished#
#2026 06 19 10:09:41.828#Z#DEBUG#fa252145-6bc6-11f1-9c60-eeee0a944cb1.OPERATION#flowable-async-job-executor-thread-284#
[DetermineServiceCreateUpdateServiceActionsStep] Executing task "DetermineServiceCreateUpdateActionsTask" of process "fce9c033-6bc6-11f1-9c60-eeee0a944cb1"...#
#2026 06 19 10:09:41.830#Z#INFO#fa252145-6bc6-11f1-9c60-eeee0a944cb1.OPERATION#flowable-async-job-executor-thread-284#
[DetermineServiceCreateUpdateServiceActionsStep] Processing service "primepath-db"...#
#2026 06 19 10:09:41.837#Z#DEBUG#fa252145-6bc6-11f1-9c60-eeee0a944cb1.OPERATION#flowable-async-job-executor-thread-284#
[DetermineServiceCreateUpdateServiceActionsStep] Getting service instance "primepath-db"...#
#2026 06 19 10:09:41.963#Z#DEBUG#fa252145-6bc6-11f1-9c60-eeee0a944cb1.OPERATION#flowable-async-job-executor-thread-284#
[DetermineServiceCreateUpdateServiceActionsStep] Existing service: {
  "name" : "primepath-db",
  "metadata" : {
    "guid" : "eeac984e-ad18-41ad-9782-58239ffa9d43",
    "createdAt" : [ 2026, 6, 17, 22, 43, 22 ],
    "updatedAt" : [ 2026, 6, 17, 22, 43, 22 ]
  },
  "v3Metadata" : {
    "annotations" : {
      "mta_id" : "primepath-travel-dashboard",
      "mta_version" : "1.0.0",
      "mta_resource" : "{\"name\":\"primepath-db\"}"
    },
    "labels" : {
      "mta_id" : "2b638277e7512a6996c900c538a83154"
    }
  },
  "label" : "hana",
  "plan" : "hdi-shared",
  "credentials" : "********",
  "tags" : [ ],
  "type" : "managed",
  "lastOperation" : {
    "type" : "CREATE",
    "state" : "SUCCEEDED"
  }
}#
#2026 06 19 10:09:41.963#Z#WARN#fa252145-6bc6-11f1-9c60-eeee0a944cb1.OPERATION#flowable-async-job-executor-thread-284#
[DetermineServiceCreateUpdateServiceActionsStep] Service parameters for service "primepath-db" will not be updated, as the parameters are not defined or empty.#
#2026 06 19 10:09:41.963#Z#DEBUG#fa252145-6bc6-11f1-9c60-eeee0a944cb1.OPERATION#flowable-async-job-executor-thread-284#
Step "Determine update actions" finished#
#2026 06 19 10:09:41.966#Z#DEBUG#fa252145-6bc6-11f1-9c60-eeee0a944cb1.OPERATION#flowable-async-job-executor-thread-300#
[CheckForServiceBindingOrKeyOperationStep] Executing task "CheckForServiceBindingOrKeyCreation" of process "fcd8d02d-6bc6-11f1-9e25-eeee0a983c96"...#
#2026 06 19 10:09:41.967#Z#DEBUG#fa252145-6bc6-11f1-9c60-eeee0a944cb1.OPERATION#flowable-async-job-executor-thread-300#
Step "Check for service binding or key creation" finished#
#2026 06 19 10:09:42.033#Z#DEBUG#fa252145-6bc6-11f1-9c60-eeee0a944cb1.OPERATION#flowable-async-job-executor-thread-284#
[CheckForServiceBindingOrKeyOperationStep] Executing task "CheckForServiceBindingOrKeyCreation" of process "fce9c033-6bc6-11f1-9c60-eeee0a944cb1"...#
#2026 06 19 10:09:42.036#Z#DEBUG#fa252145-6bc6-11f1-9c60-eeee0a944cb1.OPERATION#flowable-async-job-executor-thread-284#
Step "Check for service binding or key creation" finished#
#2026 06 19 10:09:41.996#Z#DEBUG#fa252145-6bc6-11f1-9c60-eeee0a944cb1.OPERATION#flowable-async-job-executor-thread-300#
[UpdateServiceParametersStep] Executing task "UpdateServiceParametersTask" of process "fcd8d02d-6bc6-11f1-9e25-eeee0a983c96"...#
#2026 06 19 10:09:41.999#Z#INFO#fa252145-6bc6-11f1-9c60-eeee0a944cb1.OPERATION#flowable-async-job-executor-thread-300#
[UpdateServiceParametersStep] Updating service "primepath-destination"...#
#2026 06 19 10:09:42.009#Z#DEBUG#fa252145-6bc6-11f1-9c60-eeee0a944cb1.OPERATION#flowable-async-job-executor-thread-300#
[UpdateServiceParametersStep] Updating service parameters for service "primepath-destination"...#
#2026 06 19 10:09:42.098#Z#DEBUG#fa252145-6bc6-11f1-9c60-eeee0a944cb1.OPERATION#flowable-async-job-executor-thread-300#
[UpdateServiceParametersStep] Service "primepath-destination" updated#
#2026 06 19 10:09:42.098#Z#DEBUG#fa252145-6bc6-11f1-9c60-eeee0a944cb1.OPERATION#flowable-async-job-executor-thread-300#
[UpdateServiceParametersStep] Triggered service operations: {
  "primepath-destination" : "UPDATE"
}#
#2026 06 19 10:09:42.099#Z#DEBUG#fa252145-6bc6-11f1-9c60-eeee0a944cb1.OPERATION#flowable-async-job-executor-thread-300#
Step "Update parameters" finished#
#2026 06 19 10:09:44.584#Z#DEBUG#fa252145-6bc6-11f1-9c60-eeee0a944cb1.OPERATION#flowable-async-job-executor-thread-300#
[CheckServiceOperationStateStep] Executing task "CheckServiceOperationStateTask" of process "feaa0d8d-6bc6-11f1-9e25-eeee0a983c96"...#
#2026 06 19 10:09:44.585#Z#DEBUG#fa252145-6bc6-11f1-9c60-eeee0a944cb1.OPERATION#flowable-async-job-executor-thread-300#
[CheckServiceOperationStateStep] Getting service instance "primepath-html5-repo-runtime"...#
#2026 06 19 10:09:44.699#Z#DEBUG#fa252145-6bc6-11f1-9c60-eeee0a944cb1.OPERATION#flowable-async-job-executor-thread-300#
Step "Check for service operations in Progress" finished#
#2026 06 19 10:09:44.726#Z#DEBUG#fa252145-6bc6-11f1-9c60-eeee0a944cb1.OPERATION#flowable-async-job-executor-thread-300#
[DetermineServiceCreateUpdateServiceActionsStep] Executing task "DetermineServiceCreateUpdateActionsTask" of process "feaa0d8d-6bc6-11f1-9e25-eeee0a983c96"...#
#2026 06 19 10:09:44.728#Z#INFO#fa252145-6bc6-11f1-9c60-eeee0a944cb1.OPERATION#flowable-async-job-executor-thread-300#
[DetermineServiceCreateUpdateServiceActionsStep] Processing service "primepath-html5-repo-runtime"...#
#2026 06 19 10:09:44.732#Z#DEBUG#fa252145-6bc6-11f1-9c60-eeee0a944cb1.OPERATION#flowable-async-job-executor-thread-300#
[DetermineServiceCreateUpdateServiceActionsStep] Getting service instance "primepath-html5-repo-runtime"...#
#2026 06 19 10:09:44.896#Z#DEBUG#fa252145-6bc6-11f1-9c60-eeee0a944cb1.OPERATION#flowable-async-job-executor-thread-300#
[DetermineServiceCreateUpdateServiceActionsStep] Existing service: {
  "name" : "primepath-html5-repo-runtime",
  "metadata" : {
    "guid" : "33938137-0dbf-4185-962b-4b1dfcb4a7bc",
    "createdAt" : [ 2026, 6, 17, 22, 43, 22 ],
    "updatedAt" : [ 2026, 6, 17, 22, 43, 23 ]
  },
  "v3Metadata" : {
    "annotations" : {
      "mta_id" : "primepath-travel-dashboard",
      "mta_version" : "1.0.0",
      "mta_resource" : "{\"name\":\"primepath-html5-repo-runtime\"}"
    },
    "labels" : {
      "mta_id" : "2b638277e7512a6996c900c538a83154"
    }
  },
  "label" : "html5-apps-repo",
  "plan" : "app-runtime",
  "credentials" : "********",
  "tags" : [ ],
  "type" : "managed",
  "lastOperation" : {
    "type" : "CREATE",
    "description" : "",
    "state" : "SUCCEEDED"
  }
}#
#2026 06 19 10:09:44.896#Z#WARN#fa252145-6bc6-11f1-9c60-eeee0a944cb1.OPERATION#flowable-async-job-executor-thread-300#
[DetermineServiceCreateUpdateServiceActionsStep] Service parameters for service "primepath-html5-repo-runtime" will not be updated, as the parameters are not defined or empty.#
#2026 06 19 10:09:44.896#Z#DEBUG#fa252145-6bc6-11f1-9c60-eeee0a944cb1.OPERATION#flowable-async-job-executor-thread-300#
Step "Determine update actions" finished#
#2026 06 19 10:09:44.935#Z#DEBUG#fa252145-6bc6-11f1-9c60-eeee0a944cb1.OPERATION#flowable-async-job-executor-thread-300#
[CheckForServiceBindingOrKeyOperationStep] Executing task "CheckForServiceBindingOrKeyCreation" of process "feaa0d8d-6bc6-11f1-9e25-eeee0a983c96"...#
#2026 06 19 10:09:44.937#Z#DEBUG#fa252145-6bc6-11f1-9c60-eeee0a944cb1.OPERATION#flowable-async-job-executor-thread-300#
Step "Check for service binding or key creation" finished#
#2026 06 19 10:09:53.464#Z#DEBUG#fa252145-6bc6-11f1-9c60-eeee0a944cb1.OPERATION#flowable-async-job-executor-thread-312#
[UpdateServiceParametersStep] Executing task "UpdateServiceParametersTask" of process "fcd8d02d-6bc6-11f1-9e25-eeee0a983c96"...#
#2026 06 19 10:09:53.466#Z#DEBUG#fa252145-6bc6-11f1-9c60-eeee0a944cb1.OPERATION#flowable-async-job-executor-thread-312#
[UpdateServiceParametersStep] Polling service operations...#
#2026 06 19 10:09:53.543#Z#DEBUG#fa252145-6bc6-11f1-9c60-eeee0a944cb1.OPERATION#flowable-async-job-executor-thread-312#
[UpdateServiceParametersStep] Getting service instance "primepath-destination"...#
#2026 06 19 10:09:53.695#Z#DEBUG#fa252145-6bc6-11f1-9c60-eeee0a944cb1.OPERATION#flowable-async-job-executor-thread-312#
[UpdateServiceParametersStep] Last operation for service "primepath-destination": {
  "type" : "UPDATE",
  "description" : "",
  "state" : "SUCCEEDED"
}#
#2026 06 19 10:09:53.695#Z#DEBUG#fa252145-6bc6-11f1-9c60-eeee0a944cb1.OPERATION#flowable-async-job-executor-thread-312#
[UpdateServiceParametersStep] Service "primepath-destination" updated#
#2026 06 19 10:09:53.695#Z#INFO#fa252145-6bc6-11f1-9c60-eeee0a944cb1.OPERATION#flowable-async-job-executor-thread-312#
[UpdateServiceParametersStep] 1 of 1 done#
#2026 06 19 10:09:53.706#Z#DEBUG#fa252145-6bc6-11f1-9c60-eeee0a944cb1.OPERATION#flowable-async-job-executor-thread-312#
[UpdateServiceParametersStep] Remaining services to poll: [ ]#
#2026 06 19 10:09:53.708#Z#DEBUG#fa252145-6bc6-11f1-9c60-eeee0a944cb1.OPERATION#flowable-async-job-executor-thread-312#
Step "Update parameters" finished#
#2026 06 19 10:09:54.073#Z#DEBUG#fa252145-6bc6-11f1-9c60-eeee0a944cb1.OPERATION#flowable-async-job-executor-thread-317#
[PrepareModulesDeploymentStep] Executing task "prepareModulesDeploymentTask" of process "0448f4d5-6bc7-11f1-820a-eeee0a9e7842"...#
#2026 06 19 10:09:54.074#Z#DEBUG#fa252145-6bc6-11f1-9c60-eeee0a944cb1.OPERATION#flowable-async-job-executor-thread-317#
[PrepareModulesDeploymentStep] Preparing modules deployment...#
#2026 06 19 10:09:54.081#Z#DEBUG#fa252145-6bc6-11f1-9c60-eeee0a944cb1.OPERATION#flowable-async-job-executor-thread-317#
Step "Prepare Modules Deployment" finished#
#2026 06 19 10:09:54.134#Z#DEBUG#fa252145-6bc6-11f1-9c60-eeee0a944cb1.OPERATION#flowable-async-job-executor-thread-317#
[ComputeNextModulesStep] Executing task "computeNextModulesToDeployInParallel" of process "0448f4d5-6bc7-11f1-820a-eeee0a9e7842"...#
#2026 06 19 10:09:54.136#Z#DEBUG#fa252145-6bc6-11f1-9c60-eeee0a944cb1.OPERATION#flowable-async-job-executor-thread-317#
[ComputeNextModulesStep] Computing modules for next parallel iteration...#
#2026 06 19 10:09:54.140#Z#DEBUG#fa252145-6bc6-11f1-9c60-eeee0a944cb1.OPERATION#flowable-async-job-executor-thread-317#
[ComputeNextModulesStep] Completed modules detected: []#
#2026 06 19 10:09:54.140#Z#DEBUG#fa252145-6bc6-11f1-9c60-eeee0a944cb1.OPERATION#flowable-async-job-executor-thread-317#
[ComputeNextModulesStep] All modules for deploy detected: [primepath-ui-deployer, primepath-db-deployer, primepath-srv, primepath-approuter]#
#2026 06 19 10:09:54.140#Z#DEBUG#fa252145-6bc6-11f1-9c60-eeee0a944cb1.OPERATION#flowable-async-job-executor-thread-317#
[ComputeNextModulesStep] Modules not for deploy detected: []#
#2026 06 19 10:09:54.141#Z#DEBUG#fa252145-6bc6-11f1-9c60-eeee0a944cb1.OPERATION#flowable-async-job-executor-thread-317#
[ComputeNextModulesStep] Computed modules for next parallel iteration: [ {
  "majorSchemaVersion" : 3,
  "name" : "primepath-srv",
  "type" : "javascript.nodejs",
  "path" : "primepath-srv",
  "properties" : { },
  "parameters" : {
    "app-name" : "primepath-srv",
    "buildpack" : "nodejs_buildpack",
    "default-app-name" : "primepath-srv",
    "default-host" : "cc04186dtrial-dev-primepath-srv",
    "default-instances" : 1,
    "default-live-app-name" : "primepath-srv",
    "default-live-domain" : "cfapps.us10-001.hana.ondemand.com",
    "default-live-host" : "cc04186dtrial-dev-primepath-srv",
    "default-live-uri" : "cc04186dtrial-dev-primepath-srv.cfapps.us10-001.hana.ondemand.com",
    "default-live-url" : "https://cc04186dtrial-dev-primepath-srv.cfapps.us10-001.hana.ondemand.com",
    "default-uri" : "cc04186dtrial-dev-primepath-srv.cfapps.us10-001.hana.ondemand.com",
    "default-url" : "https://cc04186dtrial-dev-primepath-srv.cfapps.us10-001.hana.ondemand.com",
    "dependency-type" : "soft",
    "disk-quota" : "512M",
    "domain" : "cfapps.us10-001.hana.ondemand.com",
    "generated-password" : "********",
    "generated-user" : "********",
    "host" : "cc04186dtrial-dev-primepath-srv",
    "instances" : 1,
    "memory" : "256M",
    "protocol" : "https"
  },
  "requiredDependencies" : [ {
    "majorSchemaVersion" : 3,
    "name" : "primepath-db",
    "properties" : { },
    "parameters" : { },
    "propertiesMetadata" : {
      "metadata" : { }
    },
    "parametersMetadata" : {
      "metadata" : { }
    }
  }, {
    "majorSchemaVersion" : 3,
    "name" : "primepath-destination",
    "properties" : { },
    "parameters" : { },
    "propertiesMetadata" : {
      "metadata" : { }
    },
    "parametersMetadata" : {
      "metadata" : { }
    }
  } ],
  "providedDependencies" : [ {
    "majorSchemaVersion" : 3,
    "name" : "srv-api",
    "isPublic" : false,
    "properties" : {
      "srv-url" : "https://cc04186dtrial-dev-primepath-srv.cfapps.us10-001.hana.ondemand.com"
    },
    "parameters" : { },
    "propertiesMetadata" : {
      "metadata" : { }
    },
    "parametersMetadata" : {
      "metadata" : { }
    }
  }, {
    "majorSchemaVersion" : 3,
    "name" : "primepath-srv",
    "isPublic" : false,
    "properties" : { },
    "parameters" : { },
    "propertiesMetadata" : {
      "metadata" : { }
    },
    "parametersMetadata" : {
      "metadata" : { }
    }
  } ],
  "propertiesMetadata" : {
    "metadata" : { }
  },
  "parametersMetadata" : {
    "metadata" : { }
  },
  "deployedAfter" : [ ],
  "hooks" : [ ]
}, {
  "majorSchemaVersion" : 3,
  "name" : "primepath-db-deployer",
  "type" : "com.sap.xs.hdi",
  "path" : "primepath-db-deployer",
  "properties" : {
    "EXIT" : 1
  },
  "parameters" : {
    "app-name" : "primepath-db-deployer",
    "buildpack" : "nodejs_buildpack",
    "default-app-name" : "primepath-db-deployer",
    "default-host" : "cc04186dtrial-dev-primepath-db-deployer",
    "default-instances" : 1,
    "default-live-app-name" : "primepath-db-deployer",
    "default-live-domain" : "cfapps.us10-001.hana.ondemand.com",
    "default-live-host" : "cc04186dtrial-dev-primepath-db-deployer",
    "default-live-uri" : "cc04186dtrial-dev-primepath-db-deployer.cfapps.us10-001.hana.ondemand.com",
    "default-live-url" : "https://cc04186dtrial-dev-primepath-db-deployer.cfapps.us10-001.hana.ondemand.com",
    "default-uri" : "cc04186dtrial-dev-primepath-db-deployer.cfapps.us10-001.hana.ondemand.com",
    "default-url" : "https://cc04186dtrial-dev-primepath-db-deployer.cfapps.us10-001.hana.ondemand.com",
    "dependency-type" : "hard",
    "domain" : "cfapps.us10-001.hana.ondemand.com",
    "generated-password" : "********",
    "generated-user" : "********",
    "host" : "cc04186dtrial-dev-primepath-db-deployer",
    "instances" : 1,
    "memory" : "256M",
    "no-route" : true,
    "no-start" : true,
    "protocol" : "https",
    "tasks" : [ {
      "command" : "npm start",
      "memory" : "256M",
      "name" : "deploy"
    } ]
  },
  "requiredDependencies" : [ {
    "majorSchemaVersion" : 3,
    "name" : "primepath-db",
    "properties" : { },
    "parameters" : { },
    "propertiesMetadata" : {
      "metadata" : { }
    },
    "parametersMetadata" : {
      "metadata" : { }
    }
  } ],
  "providedDependencies" : [ {
    "majorSchemaVersion" : 3,
    "name" : "primepath-db-deployer",
    "isPublic" : false,
    "properties" : { },
    "parameters" : { },
    "propertiesMetadata" : {
      "metadata" : { }
    },
    "parametersMetadata" : {
      "metadata" : { }
    }
  } ],
  "propertiesMetadata" : {
    "metadata" : { }
  },
  "parametersMetadata" : {
    "metadata" : { }
  },
  "deployedAfter" : [ ],
  "hooks" : [ ]
}, {
  "majorSchemaVersion" : 3,
  "name" : "primepath-ui-deployer",
  "type" : "com.sap.application.content",
  "path" : "primepath-ui-deployer",
  "properties" : { },
  "parameters" : {
    "app-name" : "primepath-ui-deployer",
    "default-app-name" : "primepath-ui-deployer",
    "default-host" : "cc04186dtrial-dev-primepath-ui-deployer",
    "default-instances" : 1,
    "default-live-app-name" : "primepath-ui-deployer",
    "default-live-domain" : "cfapps.us10-001.hana.ondemand.com",
    "default-live-host" : "cc04186dtrial-dev-primepath-ui-deployer",
    "default-live-uri" : "cc04186dtrial-dev-primepath-ui-deployer.cfapps.us10-001.hana.ondemand.com",
    "default-live-url" : "https://cc04186dtrial-dev-primepath-ui-deployer.cfapps.us10-001.hana.ondemand.com",
    "default-uri" : "cc04186dtrial-dev-primepath-ui-deployer.cfapps.us10-001.hana.ondemand.com",
    "default-url" : "https://cc04186dtrial-dev-primepath-ui-deployer.cfapps.us10-001.hana.ondemand.com",
    "dependency-type" : "soft",
    "domain" : "cfapps.us10-001.hana.ondemand.com",
    "generated-password" : "********",
    "generated-user" : "********",
    "host" : "cc04186dtrial-dev-primepath-ui-deployer",
    "instances" : 1,
    "protocol" : "https"
  },
  "requiredDependencies" : [ {
    "majorSchemaVersion" : 3,
    "name" : "primepath-html5-repo-host",
    "properties" : { },
    "parameters" : {
      "content-target" : true
    },
    "propertiesMetadata" : {
      "metadata" : { }
    },
    "parametersMetadata" : {
      "metadata" : { }
    }
  } ],
  "providedDependencies" : [ {
    "majorSchemaVersion" : 3,
    "name" : "primepath-ui-deployer",
    "isPublic" : false,
    "properties" : { },
    "parameters" : { },
    "propertiesMetadata" : {
      "metadata" : { }
    },
    "parametersMetadata" : {
      "metadata" : { }
    }
  } ],
  "propertiesMetadata" : {
    "metadata" : { }
  },
  "parametersMetadata" : {
    "metadata" : { }
  },
  "deployedAfter" : [ ],
  "hooks" : [ ]
}, {
  "majorSchemaVersion" : 3,
  "name" : "primepath-approuter",
  "type" : "javascript.nodejs",
  "path" : "primepath-approuter",
  "properties" : { },
  "parameters" : {
    "app-name" : "primepath-approuter",
    "default-app-name" : "primepath-approuter",
    "default-host" : "cc04186dtrial-dev-primepath-approuter",
    "default-instances" : 1,
    "default-live-app-name" : "primepath-approuter",
    "default-live-domain" : "cfapps.us10-001.hana.ondemand.com",
    "default-live-host" : "cc04186dtrial-dev-primepath-approuter",
    "default-live-uri" : "cc04186dtrial-dev-primepath-approuter.cfapps.us10-001.hana.ondemand.com",
    "default-live-url" : "https://cc04186dtrial-dev-primepath-approuter.cfapps.us10-001.hana.ondemand.com",
    "default-uri" : "cc04186dtrial-dev-primepath-approuter.cfapps.us10-001.hana.ondemand.com",
    "default-url" : "https://cc04186dtrial-dev-primepath-approuter.cfapps.us10-001.hana.ondemand.com",
    "dependency-type" : "soft",
    "disk-quota" : "256M",
    "domain" : "cfapps.us10-001.hana.ondemand.com",
    "generated-password" : "********",
    "generated-user" : "********",
    "host" : "cc04186dtrial-dev-primepath-approuter",
    "instances" : 1,
    "memory" : "128M",
    "protocol" : "https"
  },
  "requiredDependencies" : [ {
    "majorSchemaVersion" : 3,
    "name" : "primepath-html5-repo-runtime",
    "properties" : { },
    "parameters" : { },
    "propertiesMetadata" : {
      "metadata" : { }
    },
    "parametersMetadata" : {
      "metadata" : { }
    }
  }, {
    "majorSchemaVersion" : 3,
    "name" : "primepath-destination",
    "properties" : { },
    "parameters" : { },
    "propertiesMetadata" : {
      "metadata" : { }
    },
    "parametersMetadata" : {
      "metadata" : { }
    }
  } ],
  "providedDependencies" : [ {
    "majorSchemaVersion" : 3,
    "name" : "primepath-approuter",
    "isPublic" : false,
    "properties" : { },
    "parameters" : { },
    "propertiesMetadata" : {
      "metadata" : { }
    },
    "parametersMetadata" : {
      "metadata" : { }
    }
  } ],
  "propertiesMetadata" : {
    "metadata" : { }
  },
  "parametersMetadata" : {
    "metadata" : { }
  },
  "deployedAfter" : [ ],
  "hooks" : [ ]
} ]#
#2026 06 19 10:09:54.141#Z#DEBUG#fa252145-6bc6-11f1-9c60-eeee0a944cb1.OPERATION#flowable-async-job-executor-thread-317#
Step "Compute Next Modules To Deploy" finished#
#2026 06 19 10:09:54.340#Z#DEBUG#fa252145-6bc6-11f1-9c60-eeee0a944cb1.OPERATION#flowable-async-job-executor-thread-312#
[ProcessDescriptorStep] Executing task "reprocessDescriptorTask" of process "0472c513-6bc7-11f1-820a-eeee0a9e7842"...#
#2026 06 19 10:09:54.341#Z#DEBUG#fa252145-6bc6-11f1-9c60-eeee0a944cb1.OPERATION#flowable-async-job-executor-thread-312#
[ProcessDescriptorStep] Resolving properties and parameters in merged descriptor...#
#2026 06 19 10:09:54.345#Z#DEBUG#fa252145-6bc6-11f1-9c60-eeee0a944cb1.OPERATION#flowable-async-job-executor-thread-312#
[ProcessDescriptorStep] Subscriptions: [ ]#
#2026 06 19 10:09:54.353#Z#DEBUG#fa252145-6bc6-11f1-9c60-eeee0a944cb1.OPERATION#flowable-async-job-executor-thread-312#
[ProcessDescriptorStep] MTA modules: [primepath-ui-deployer, primepath-db-deployer, primepath-srv, primepath-approuter]#
#2026 06 19 10:09:54.358#Z#DEBUG#fa252145-6bc6-11f1-9c60-eeee0a944cb1.OPERATION#flowable-async-job-executor-thread-312#
[ProcessDescriptorStep] Resolved deployment descriptor: {
  "majorSchemaVersion" : 3,
  "schemaVersion" : "3.1.0",
  "id" : "primepath-travel-dashboard",
  "version" : "1.0.0",
  "modules" : [ {
    "majorSchemaVersion" : 3,
    "name" : "primepath-srv",
    "type" : "javascript.nodejs",
    "path" : "primepath-srv",
    "properties" : { },
    "parameters" : {
      "default-url" : "https://cc04186dtrial-dev-primepath-srv.cfapps.us10-001.hana.ondemand.com",
      "default-app-name" : "primepath-srv",
      "generated-password" : "********",
      "default-live-url" : "https://cc04186dtrial-dev-primepath-srv.cfapps.us10-001.hana.ondemand.com",
      "default-uri" : "cc04186dtrial-dev-primepath-srv.cfapps.us10-001.hana.ondemand.com",
      "memory" : "256M",
      "default-instances" : 1,
      "default-live-host" : "cc04186dtrial-dev-primepath-srv",
      "instances" : 1,
      "buildpack" : "nodejs_buildpack",
      "default-host" : "cc04186dtrial-dev-primepath-srv",
      "app-name" : "primepath-srv",
      "default-live-uri" : "cc04186dtrial-dev-primepath-srv.cfapps.us10-001.hana.ondemand.com",
      "protocol" : "https",
      "default-live-app-name" : "primepath-srv",
      "default-live-domain" : "cfapps.us10-001.hana.ondemand.com",
      "disk-quota" : "512M",
      "domain" : "cfapps.us10-001.hana.ondemand.com",
      "host" : "cc04186dtrial-dev-primepath-srv",
      "generated-user" : "********"
    },
    "requiredDependencies" : [ {
      "majorSchemaVersion" : 3,
      "name" : "primepath-db",
      "properties" : { },
      "parameters" : { },
      "propertiesMetadata" : {
        "metadata" : { }
      },
      "parametersMetadata" : {
        "metadata" : { }
      }
    }, {
      "majorSchemaVersion" : 3,
      "name" : "primepath-destination",
      "properties" : { },
      "parameters" : { },
      "propertiesMetadata" : {
        "metadata" : { }
      },
      "parametersMetadata" : {
        "metadata" : { }
      }
    } ],
    "providedDependencies" : [ {
      "majorSchemaVersion" : 3,
      "name" : "srv-api",
      "isPublic" : false,
      "properties" : {
        "srv-url" : "https://cc04186dtrial-dev-primepath-srv.cfapps.us10-001.hana.ondemand.com"
      },
      "parameters" : { },
      "propertiesMetadata" : {
        "metadata" : { }
      },
      "parametersMetadata" : {
        "metadata" : { }
      }
    }, {
      "majorSchemaVersion" : 3,
      "name" : "primepath-srv",
      "isPublic" : false,
      "properties" : { },
      "parameters" : { },
      "propertiesMetadata" : {
        "metadata" : { }
      },
      "parametersMetadata" : {
        "metadata" : { }
      }
    } ],
    "propertiesMetadata" : {
      "metadata" : { }
    },
    "parametersMetadata" : {
      "metadata" : { }
    },
    "hooks" : [ ]
  }, {
    "majorSchemaVersion" : 3,
    "name" : "primepath-db-deployer",
    "type" : "com.sap.xs.hdi",
    "path" : "primepath-db-deployer",
    "properties" : {
      "EXIT" : 1
    },
    "parameters" : {
      "default-url" : "https://cc04186dtrial-dev-primepath-db-deployer.cfapps.us10-001.hana.ondemand.com",
      "default-app-name" : "primepath-db-deployer",
      "generated-password" : "********",
      "default-live-url" : "https://cc04186dtrial-dev-primepath-db-deployer.cfapps.us10-001.hana.ondemand.com",
      "default-uri" : "cc04186dtrial-dev-primepath-db-deployer.cfapps.us10-001.hana.ondemand.com",
      "memory" : "256M",
      "default-instances" : 1,
      "no-route" : true,
      "default-live-host" : "cc04186dtrial-dev-primepath-db-deployer",
      "instances" : 1,
      "buildpack" : "nodejs_buildpack",
      "default-host" : "cc04186dtrial-dev-primepath-db-deployer",
      "app-name" : "primepath-db-deployer",
      "default-live-uri" : "cc04186dtrial-dev-primepath-db-deployer.cfapps.us10-001.hana.ondemand.com",
      "protocol" : "https",
      "default-live-app-name" : "primepath-db-deployer",
      "default-live-domain" : "cfapps.us10-001.hana.ondemand.com",
      "dependency-type" : "hard",
      "domain" : "cfapps.us10-001.hana.ondemand.com",
      "host" : "cc04186dtrial-dev-primepath-db-deployer",
      "generated-user" : "********",
      "tasks" : [ {
        "command" : "npm start",
        "memory" : "256M",
        "name" : "deploy"
      } ],
      "no-start" : true
    },
    "requiredDependencies" : [ {
      "majorSchemaVersion" : 3,
      "name" : "primepath-db",
      "properties" : { },
      "parameters" : { },
      "propertiesMetadata" : {
        "metadata" : { }
      },
      "parametersMetadata" : {
        "metadata" : { }
      }
    } ],
    "providedDependencies" : [ {
      "majorSchemaVersion" : 3,
      "name" : "primepath-db-deployer",
      "isPublic" : false,
      "properties" : { },
      "parameters" : { },
      "propertiesMetadata" : {
        "metadata" : { }
      },
      "parametersMetadata" : {
        "metadata" : { }
      }
    } ],
    "propertiesMetadata" : {
      "metadata" : { }
    },
    "parametersMetadata" : {
      "metadata" : { }
    },
    "hooks" : [ ]
  }, {
    "majorSchemaVersion" : 3,
    "name" : "primepath-ui-deployer",
    "type" : "com.sap.application.content",
    "path" : "primepath-ui-deployer",
    "properties" : { },
    "parameters" : {
      "default-url" : "https://cc04186dtrial-dev-primepath-ui-deployer.cfapps.us10-001.hana.ondemand.com",
      "default-app-name" : "primepath-ui-deployer",
      "generated-password" : "********",
      "default-live-url" : "https://cc04186dtrial-dev-primepath-ui-deployer.cfapps.us10-001.hana.ondemand.com",
      "default-uri" : "cc04186dtrial-dev-primepath-ui-deployer.cfapps.us10-001.hana.ondemand.com",
      "default-instances" : 1,
      "default-live-host" : "cc04186dtrial-dev-primepath-ui-deployer",
      "instances" : 1,
      "default-host" : "cc04186dtrial-dev-primepath-ui-deployer",
      "app-name" : "primepath-ui-deployer",
      "default-live-uri" : "cc04186dtrial-dev-primepath-ui-deployer.cfapps.us10-001.hana.ondemand.com",
      "protocol" : "https",
      "default-live-app-name" : "primepath-ui-deployer",
      "default-live-domain" : "cfapps.us10-001.hana.ondemand.com",
      "domain" : "cfapps.us10-001.hana.ondemand.com",
      "host" : "cc04186dtrial-dev-primepath-ui-deployer",
      "generated-user" : "********"
    },
    "requiredDependencies" : [ {
      "majorSchemaVersion" : 3,
      "name" : "primepath-html5-repo-host",
      "properties" : { },
      "parameters" : {
        "content-target" : true
      },
      "propertiesMetadata" : {
        "metadata" : { }
      },
      "parametersMetadata" : {
        "metadata" : { }
      }
    } ],
    "providedDependencies" : [ {
      "majorSchemaVersion" : 3,
      "name" : "primepath-ui-deployer",
      "isPublic" : false,
      "properties" : { },
      "parameters" : { },
      "propertiesMetadata" : {
        "metadata" : { }
      },
      "parametersMetadata" : {
        "metadata" : { }
      }
    } ],
    "propertiesMetadata" : {
      "metadata" : { }
    },
    "parametersMetadata" : {
      "metadata" : { }
    },
    "hooks" : [ ]
  }, {
    "majorSchemaVersion" : 3,
    "name" : "primepath-approuter",
    "type" : "javascript.nodejs",
    "path" : "primepath-approuter",
    "properties" : { },
    "parameters" : {
      "default-url" : "https://cc04186dtrial-dev-primepath-approuter.cfapps.us10-001.hana.ondemand.com",
      "default-app-name" : "primepath-approuter",
      "generated-password" : "********",
      "default-live-url" : "https://cc04186dtrial-dev-primepath-approuter.cfapps.us10-001.hana.ondemand.com",
      "default-uri" : "cc04186dtrial-dev-primepath-approuter.cfapps.us10-001.hana.ondemand.com",
      "memory" : "128M",
      "default-instances" : 1,
      "default-live-host" : "cc04186dtrial-dev-primepath-approuter",
      "instances" : 1,
      "default-host" : "cc04186dtrial-dev-primepath-approuter",
      "app-name" : "primepath-approuter",
      "default-live-uri" : "cc04186dtrial-dev-primepath-approuter.cfapps.us10-001.hana.ondemand.com",
      "protocol" : "https",
      "default-live-app-name" : "primepath-approuter",
      "default-live-domain" : "cfapps.us10-001.hana.ondemand.com",
      "disk-quota" : "256M",
      "domain" : "cfapps.us10-001.hana.ondemand.com",
      "host" : "cc04186dtrial-dev-primepath-approuter",
      "generated-user" : "********"
    },
    "requiredDependencies" : [ {
      "majorSchemaVersion" : 3,
      "name" : "primepath-html5-repo-runtime",
      "properties" : { },
      "parameters" : { },
      "propertiesMetadata" : {
        "metadata" : { }
      },
      "parametersMetadata" : {
        "metadata" : { }
      }
    }, {
      "majorSchemaVersion" : 3,
      "name" : "primepath-destination",
      "properties" : { },
      "parameters" : { },
      "propertiesMetadata" : {
        "metadata" : { }
      },
      "parametersMetadata" : {
        "metadata" : { }
      }
    } ],
    "providedDependencies" : [ {
      "majorSchemaVersion" : 3,
      "name" : "primepath-approuter",
      "isPublic" : false,
      "properties" : { },
      "parameters" : { },
      "propertiesMetadata" : {
        "metadata" : { }
      },
      "parametersMetadata" : {
        "metadata" : { }
      }
    } ],
    "propertiesMetadata" : {
      "metadata" : { }
    },
    "parametersMetadata" : {
      "metadata" : { }
    },
    "hooks" : [ ]
  } ],
  "resources" : [ {
    "majorSchemaVersion" : 3,
    "name" : "primepath-db",
    "type" : "com.sap.xs.hdi-container",
    "properties" : { },
    "parameters" : {
      "generated-password" : "********",
      "service-name" : "primepath-db",
      "service-plan" : "hdi-shared",
      "service" : "hana",
      "generated-user" : "********",
      "default-xsappname" : "primepath-db",
      "type" : "managed-service",
      "default-service-name" : "primepath-db",
      "default-container-name" : "CC04186DTRIAL_DEV_PRIMEPATH_DB"
    },
    "isActive" : true,
    "isOptional" : false,
    "propertiesMetadata" : {
      "metadata" : { }
    },
    "parametersMetadata" : {
      "metadata" : { }
    },
    "requiredDependencies" : [ ],
    "processedAfter" : [ ]
  }, {
    "majorSchemaVersion" : 3,
    "name" : "primepath-html5-repo-host",
    "type" : "org.cloudfoundry.managed-service",
    "properties" : { },
    "parameters" : {
      "generated-password" : "********",
      "service-name" : "primepath-html5-repo-host",
      "service-plan" : "app-host",
      "service" : "html5-apps-repo",
      "generated-user" : "********",
      "default-xsappname" : "primepath-html5-repo-host",
      "type" : "managed-service",
      "default-service-name" : "primepath-html5-repo-host",
      "default-container-name" : "CC04186DTRIAL_DEV_PRIMEPATH_HTML5_REPO_HOST"
    },
    "isActive" : true,
    "isOptional" : false,
    "propertiesMetadata" : {
      "metadata" : { }
    },
    "parametersMetadata" : {
      "metadata" : { }
    },
    "requiredDependencies" : [ ],
    "processedAfter" : [ ]
  }, {
    "majorSchemaVersion" : 3,
    "name" : "primepath-html5-repo-runtime",
    "type" : "org.cloudfoundry.managed-service",
    "properties" : { },
    "parameters" : {
      "generated-password" : "********",
      "service-name" : "primepath-html5-repo-runtime",
      "service-plan" : "app-runtime",
      "service" : "html5-apps-repo",
      "generated-user" : "********",
      "default-xsappname" : "primepath-html5-repo-runtime",
      "type" : "managed-service",
      "default-service-name" : "primepath-html5-repo-runtime",
      "default-container-name" : "CC04186DTRIAL_DEV_PRIMEPATH_HTML5_REPO_RUNTIME"
    },
    "isActive" : true,
    "isOptional" : false,
    "propertiesMetadata" : {
      "metadata" : { }
    },
    "parametersMetadata" : {
      "metadata" : { }
    },
    "requiredDependencies" : [ ],
    "processedAfter" : [ ]
  }, {
    "majorSchemaVersion" : 3,
    "name" : "primepath-destination",
    "type" : "org.cloudfoundry.managed-service",
    "properties" : { },
    "parameters" : {
      "generated-password" : "********",
      "service-name" : "primepath-destination",
      "service-plan" : "lite",
      "service" : "destination",
      "generated-user" : "********",
      "default-xsappname" : "primepath-destination",
      "type" : "managed-service",
      "config" : {
        "HTML5Runtime_enabled" : true,
        "init_data" : {
          "subaccount" : {
            "destinations" : [ {
              "Authentication" : "********",
              "HTML5.DynamicDestination" : true,
              "HTML5.ForwardAuthToken" : "********",
              "Name" : "primepath-srv-api",
              "ProxyType" : "Internet",
              "Type" : "HTTP",
              "URL" : "https://cc04186dtrial-dev-primepath-srv.cfapps.us10-001.hana.ondemand.com"
            } ],
            "existing_destinations_policy" : "update"
          }
        }
      },
      "default-service-name" : "primepath-destination",
      "default-container-name" : "CC04186DTRIAL_DEV_PRIMEPATH_DESTINATION"
    },
    "isActive" : true,
    "isOptional" : false,
    "propertiesMetadata" : {
      "metadata" : { }
    },
    "parametersMetadata" : {
      "metadata" : { }
    },
    "requiredDependencies" : [ {
      "majorSchemaVersion" : 3,
      "name" : "srv-api",
      "properties" : { },
      "parameters" : { },
      "propertiesMetadata" : {
        "metadata" : { }
      },
      "parametersMetadata" : {
        "metadata" : { }
      }
    } ],
    "processedAfter" : [ ]
  } ],
  "parameters" : {
    "deploy_mode" : "html5-repo",
    "mta-id" : "primepath-travel-dashboard",
    "authorization-url" : "********",
    "org-guid" : "dfe57157-b13a-41ad-9ad5-c1f3b3a8355a",
    "org" : "cc04186dtrial",
    "deploy-target" : "cc04186dtrial dev",
    "enable-parallel-deployments" : true,
    "region-primary-domain" : "us10.hana.ondemand.com",
    "space" : "dev",
    "region-domain" : "us10-001.hana.ondemand.com",
    "xs-api-url" : "https://api.cf.us10-001.hana.ondemand.com",
    "deploy-url" : "deploy-service.cfapps.us10-001.hana.ondemand.com",
    "xs-type" : "CF",
    "default-domain" : "cfapps.us10-001.hana.ondemand.com",
    "mta-version" : "1.0.0",
    "xs-auth-url" : "********",
    "space-guid" : "ba9bcafa-b107-42ac-8bb7-2f459d18c4c3",
    "user" : "********",
    "controller-url" : "https://api.cf.us10-001.hana.ondemand.com",
    "timestamp" : "20260619100936"
  },
  "parametersMetadata" : {
    "metadata" : { }
  }
}#
#2026 06 19 10:09:54.358#Z#DEBUG#fa252145-6bc6-11f1-9c60-eeee0a944cb1.OPERATION#flowable-async-job-executor-thread-312#
[ProcessDescriptorStep] Merged descriptor properties and parameters resolved#
#2026 06 19 10:09:54.358#Z#DEBUG#fa252145-6bc6-11f1-9c60-eeee0a944cb1.OPERATION#flowable-async-job-executor-thread-312#
Step "Re-Process Descriptor Step" finished#
#2026 06 19 10:09:54.403#Z#DEBUG#fa252145-6bc6-11f1-9c60-eeee0a944cb1.OPERATION#flowable-async-job-executor-thread-312#
[BuildApplicationDeployModelStep] Executing task "buildApplicationDeployModelTask" of process "0472c513-6bc7-11f1-820a-eeee0a9e7842"...#
#2026 06 19 10:09:54.406#Z#DEBUG#fa252145-6bc6-11f1-9c60-eeee0a944cb1.OPERATION#flowable-async-job-executor-thread-312#
[BuildApplicationDeployModelStep] Building cloud deployment model for application "primepath-db-deployer"...#
#2026 06 19 10:09:54.413#Z#DEBUG#fa252145-6bc6-11f1-9c60-eeee0a944cb1.OPERATION#flowable-async-job-executor-thread-312#
[BuildApplicationDeployModelStep] No health-check-type is specified. Setting default type: port#
#2026 06 19 10:09:54.414#Z#INFO#fa252145-6bc6-11f1-9c60-eeee0a944cb1.OPERATION#flowable-async-job-executor-thread-312#
[BuildApplicationDeployModelStep] Building configuration entries for org cc04186dtrial, space dev, spaceId ba9bcafa-b107-42ac-8bb7-2f459d18c4c3 and namespace null!#
#2026 06 19 10:09:54.415#Z#DEBUG#fa252145-6bc6-11f1-9c60-eeee0a944cb1.OPERATION#flowable-async-job-executor-thread-312#
[BuildApplicationDeployModelStep] Configuration entries to publish: [ ]#
#2026 06 19 10:09:54.415#Z#DEBUG#fa252145-6bc6-11f1-9c60-eeee0a944cb1.OPERATION#flowable-async-job-executor-thread-312#
[BuildApplicationDeployModelStep] Cloud deployment model for application built#
#2026 06 19 10:09:54.415#Z#DEBUG#fa252145-6bc6-11f1-9c60-eeee0a944cb1.OPERATION#flowable-async-job-executor-thread-312#
Step "Build Application Deploy Model" finished#
#2026 06 19 10:09:54.459#Z#DEBUG#fa252145-6bc6-11f1-9c60-eeee0a944cb1.OPERATION#flowable-async-job-executor-thread-312#
[CreateOrUpdateAppStep] Executing task "createAppTask" of process "0472c513-6bc7-11f1-820a-eeee0a9e7842"...#
#2026 06 19 10:09:54.461#Z#DEBUG#fa252145-6bc6-11f1-9c60-eeee0a944cb1.OPERATION#flowable-async-job-executor-thread-312#
[CreateOrUpdateAppStep] Getting application "primepath-db-deployer"...#
#2026 06 19 10:09:54.502#Z#INFO#fa252145-6bc6-11f1-9c60-eeee0a944cb1.OPERATION#flowable-async-job-executor-thread-312#
[CreateOrUpdateAppStep] Updating application "primepath-db-deployer"...#
#2026 06 19 10:09:54.511#Z#DEBUG#fa252145-6bc6-11f1-9c60-eeee0a944cb1.OPERATION#flowable-async-job-executor-thread-312#
[CreateOrUpdateAppStep] Getting process for application "7516dab9-b438-4358-8940-ece5e13ee096"...#
#2026 06 19 10:09:54.553#Z#DEBUG#fa252145-6bc6-11f1-9c60-eeee0a944cb1.OPERATION#flowable-async-job-executor-thread-312#
[CreateOrUpdateAppStep] Getting routes for application "7516dab9-b438-4358-8940-ece5e13ee096"...#
#2026 06 19 10:09:54.580#Z#DEBUG#fa252145-6bc6-11f1-9c60-eeee0a944cb1.OPERATION#flowable-async-job-executor-thread-312#
[CreateOrUpdateAppStep] Getting features for application "7516dab9-b438-4358-8940-ece5e13ee096"#
#2026 06 19 10:09:54.602#Z#DEBUG#fa252145-6bc6-11f1-9c60-eeee0a944cb1.OPERATION#flowable-async-job-executor-thread-312#
[CreateOrUpdateAppStep] Updating staging of application "primepath-db-deployer" to: {
  "buildpacks" : [ "nodejs_buildpack" ],
  "healthCheckType" : "port",
  "appFeatures" : { }
}#
#2026 06 19 10:09:54.819#Z#DEBUG#fa252145-6bc6-11f1-9c60-eeee0a944cb1.OPERATION#flowable-async-job-executor-thread-312#
[CreateOrUpdateAppStep] Application "primepath-db-deployer" updated#
#2026 06 19 10:09:54.819#Z#DEBUG#fa252145-6bc6-11f1-9c60-eeee0a944cb1.OPERATION#flowable-async-job-executor-thread-312#
[CreateOrUpdateAppStep] Getting environment of application "7516dab9-b438-4358-8940-ece5e13ee096"...#
#2026 06 19 10:09:54.889#Z#DEBUG#fa252145-6bc6-11f1-9c60-eeee0a944cb1.OPERATION#flowable-async-job-executor-thread-312#
[CreateOrUpdateAppStep] Application "primepath-db-deployer" updated#
#2026 06 19 10:09:54.889#Z#DEBUG#fa252145-6bc6-11f1-9c60-eeee0a944cb1.OPERATION#flowable-async-job-executor-thread-312#
Step "Create App" finished#
#2026 06 19 10:09:54.995#Z#DEBUG#fa252145-6bc6-11f1-9c60-eeee0a944cb1.OPERATION#flowable-async-job-executor-thread-312#
[CheckServiceBindingOperationStep] Executing task "checkForServiceBindingOperationInProgress" of process "04dd9426-6bc7-11f1-820a-eeee0a9e7842"...#
#2026 06 19 10:09:54.995#Z#DEBUG#fa252145-6bc6-11f1-9c60-eeee0a944cb1.OPERATION#flowable-async-job-executor-thread-312#
[CheckServiceBindingOperationStep] Checking for service binding operation in progress between app "primepath-db-deployer" and service instance "primepath-db"#
#2026 06 19 10:09:54.996#Z#DEBUG#fa252145-6bc6-11f1-9c60-eeee0a944cb1.OPERATION#flowable-async-job-executor-thread-312#
[CheckServiceBindingOperationStep] Getting application guid "primepath-db-deployer"...#
#2026 06 19 10:09:55.037#Z#DEBUG#fa252145-6bc6-11f1-9c60-eeee0a944cb1.OPERATION#flowable-async-job-executor-thread-312#
[CheckServiceBindingOperationStep] Getting GUID of required service instance "primepath-db"...#
#2026 06 19 10:09:55.070#Z#DEBUG#fa252145-6bc6-11f1-9c60-eeee0a944cb1.OPERATION#flowable-async-job-executor-thread-312#
[CheckServiceBindingOperationStep] Getting binding of service instance "eeac984e-ad18-41ad-9782-58239ffa9d43" with application "7516dab9-b438-4358-8940-ece5e13ee096"...#
#2026 06 19 10:09:55.103#Z#DEBUG#fa252145-6bc6-11f1-9c60-eeee0a944cb1.OPERATION#flowable-async-job-executor-thread-312#
[CheckServiceBindingOperationStep] Service binding operation "83b1803a-fa8b-41fb-baaf-9254416967bd" with type "create" is in state "succeeded"#
#2026 06 19 10:09:55.103#Z#DEBUG#fa252145-6bc6-11f1-9c60-eeee0a944cb1.OPERATION#flowable-async-job-executor-thread-312#
Step "Check For Service Binding Operation In Progress" finished#
#2026 06 19 10:09:55.137#Z#DEBUG#fa252145-6bc6-11f1-9c60-eeee0a944cb1.OPERATION#flowable-async-job-executor-thread-312#
[DetermineApplicationServiceBindingActionsStep] Executing task "determineApplicationServiceBindingActionsTask" of process "04dd9426-6bc7-11f1-820a-eeee0a9e7842"...#
#2026 06 19 10:09:55.139#Z#DEBUG#fa252145-6bc6-11f1-9c60-eeee0a944cb1.OPERATION#flowable-async-job-executor-thread-312#
[DetermineApplicationServiceBindingActionsStep] Determine bind/unbind operations of application "primepath-db-deployer" to service instance "primepath-db"#
#2026 06 19 10:09:55.139#Z#DEBUG#fa252145-6bc6-11f1-9c60-eeee0a944cb1.OPERATION#flowable-async-job-executor-thread-312#
[DetermineApplicationServiceBindingActionsStep] Getting application "primepath-db-deployer"...#
#2026 06 19 10:09:55.189#Z#DEBUG#fa252145-6bc6-11f1-9c60-eeee0a944cb1.OPERATION#flowable-async-job-executor-thread-312#
[DetermineApplicationServiceBindingActionsStep] Binding parameters for application "primepath-db-deployer": { }#
#2026 06 19 10:09:55.217#Z#DEBUG#fa252145-6bc6-11f1-9c60-eeee0a944cb1.OPERATION#flowable-async-job-executor-thread-312#
[DetermineApplicationServiceBindingActionsStep] Check should rebind application "primepath-db-deployer" and service instance "primepath-db"#
#2026 06 19 10:09:55.217#Z#DEBUG#fa252145-6bc6-11f1-9c60-eeee0a944cb1.OPERATION#flowable-async-job-executor-thread-312#
[DetermineApplicationServiceBindingActionsStep] Getting GUID of required service instance "primepath-db"...#
#2026 06 19 10:09:55.244#Z#DEBUG#fa252145-6bc6-11f1-9c60-eeee0a944cb1.OPERATION#flowable-async-job-executor-thread-312#
[DetermineApplicationServiceBindingActionsStep] Getting binding of service instance "eeac984e-ad18-41ad-9782-58239ffa9d43" with application "7516dab9-b438-4358-8940-ece5e13ee096"...#
#2026 06 19 10:09:55.277#Z#DEBUG#fa252145-6bc6-11f1-9c60-eeee0a944cb1.OPERATION#flowable-async-job-executor-thread-312#
[DetermineApplicationServiceBindingActionsStep] Getting parameters of service binding "83b1803a-fa8b-41fb-baaf-9254416967bd"...#
#2026 06 19 10:09:55.461#Z#INFO#fa252145-6bc6-11f1-9c60-eeee0a944cb1.OPERATION#flowable-async-job-executor-thread-312#
[DetermineApplicationServiceBindingActionsStep] Service instance "primepath-db" will not be rebound to application "primepath-db-deployer" because the binding parameters are not modified#
#2026 06 19 10:09:55.467#Z#DEBUG#fa252145-6bc6-11f1-9c60-eeee0a944cb1.OPERATION#flowable-async-job-executor-thread-312#
[DetermineApplicationServiceBindingActionsStep] Calculated binding operations between application "primepath-db-deployer" and service instance "primepath-db": unbind - false bind - false#
#2026 06 19 10:09:55.467#Z#DEBUG#fa252145-6bc6-11f1-9c60-eeee0a944cb1.OPERATION#flowable-async-job-executor-thread-312#
Step "Determine Application Service Binding Actions" finished#
#2026 06 19 10:09:55.598#Z#DEBUG#fa252145-6bc6-11f1-9c60-eeee0a944cb1.OPERATION#flowable-async-job-executor-thread-312#
[DetermineVcapServicesPropertiesChangedStep] Executing task "determineVcapServicesPropertiesChangedTask" of process "05385e70-6bc7-11f1-820a-eeee0a9e7842"...#
#2026 06 19 10:09:55.601#Z#DEBUG#fa252145-6bc6-11f1-9c60-eeee0a944cb1.OPERATION#flowable-async-job-executor-thread-312#
[DetermineVcapServicesPropertiesChangedStep] VCAP_SERVICES properties for application "primepath-db-deployer" changed: false#
#2026 06 19 10:09:55.601#Z#DEBUG#fa252145-6bc6-11f1-9c60-eeee0a944cb1.OPERATION#flowable-async-job-executor-thread-312#
Step "Determine vcap services properties changed" finished#
#2026 06 19 10:09:55.638#Z#DEBUG#fa252145-6bc6-11f1-9c60-eeee0a944cb1.OPERATION#flowable-async-job-executor-thread-312#
[UploadAppStep] Executing task "uploadAppTask" of process "05385e70-6bc7-11f1-820a-eeee0a9e7842"...#
#2026 06 19 10:09:55.641#Z#DEBUG#fa252145-6bc6-11f1-9c60-eeee0a944cb1.OPERATION#flowable-async-job-executor-thread-312#
[UploadAppStep] Application upload timeout is default one: 3,600 seconds#
#2026 06 19 10:09:55.641#Z#INFO#fa252145-6bc6-11f1-9c60-eeee0a944cb1.OPERATION#flowable-async-job-executor-thread-312#
[UploadAppStep] Uploading application "primepath-db-deployer"...#
#2026 06 19 10:09:55.647#Z#DEBUG#fa252145-6bc6-11f1-9c60-eeee0a944cb1.OPERATION#flowable-async-job-executor-thread-312#
[UploadAppStep] Getting application "primepath-db-deployer"...#
#2026 06 19 10:09:55.695#Z#DEBUG#fa252145-6bc6-11f1-9c60-eeee0a944cb1.OPERATION#flowable-async-job-executor-thread-312#
[UploadAppStep] Getting environment of application "7516dab9-b438-4358-8940-ece5e13ee096"...#
#2026 06 19 10:09:55.732#Z#INFO#fa252145-6bc6-11f1-9c60-eeee0a944cb1.OPERATION#flowable-async-job-executor-thread-312#
[UploadAppStep] Calculating application digest: "primepath-db-deployer"#
#2026 06 19 10:09:55.915#Z#DEBUG#fa252145-6bc6-11f1-9c60-eeee0a944cb1.OPERATION#flowable-async-job-executor-thread-312#
[UploadAppStep] Getting packages for application: "7516dab9-b438-4358-8940-ece5e13ee096"#
#2026 06 19 10:09:55.965#Z#DEBUG#fa252145-6bc6-11f1-9c60-eeee0a944cb1.OPERATION#flowable-async-job-executor-thread-312#
[UploadAppStep] Getting the current droplet for application: "7516dab9-b438-4358-8940-ece5e13ee096"#
#2026 06 19 10:09:55.999#Z#DEBUG#fa252145-6bc6-11f1-9c60-eeee0a944cb1.OPERATION#flowable-async-job-executor-thread-312#
[UploadAppStep] Getting package by id: "30df145c-23ae-427f-93c1-1acf5fb0405b"#
#2026 06 19 10:09:56.028#Z#DEBUG#fa252145-6bc6-11f1-9c60-eeee0a944cb1.OPERATION#flowable-async-job-executor-thread-312#
[UploadAppStep] Getting builds for application "7516dab9-b438-4358-8940-ece5e13ee096"...#
#2026 06 19 10:09:56.123#Z#DEBUG#fa252145-6bc6-11f1-9c60-eeee0a944cb1.OPERATION#flowable-async-job-executor-thread-312#
[UploadAppStep] Getting the current droplet for application: "7516dab9-b438-4358-8940-ece5e13ee096"#
#2026 06 19 10:09:56.151#Z#INFO#fa252145-6bc6-11f1-9c60-eeee0a944cb1.OPERATION#flowable-async-job-executor-thread-312#
[UploadAppStep] Content of application "primepath-db-deployer" is not changed - upload will be skipped.#
#2026 06 19 10:09:56.158#Z#DEBUG#fa252145-6bc6-11f1-9c60-eeee0a944cb1.OPERATION#flowable-async-job-executor-thread-312#
Step "Upload App" finished#
#2026 06 19 10:09:56.198#Z#DEBUG#fa252145-6bc6-11f1-9c60-eeee0a944cb1.OPERATION#flowable-async-job-executor-thread-312#
[ScaleAppStep] Executing task "scaleAppTask" of process "05385e70-6bc7-11f1-820a-eeee0a9e7842"...#
#2026 06 19 10:09:56.202#Z#DEBUG#fa252145-6bc6-11f1-9c60-eeee0a944cb1.OPERATION#flowable-async-job-executor-thread-312#
[ScaleAppStep] Scaling application "primepath-db-deployer"...#
#2026 06 19 10:09:56.202#Z#DEBUG#fa252145-6bc6-11f1-9c60-eeee0a944cb1.OPERATION#flowable-async-job-executor-thread-312#
[ScaleAppStep] Getting application guid "primepath-db-deployer"...#
#2026 06 19 10:09:56.245#Z#DEBUG#fa252145-6bc6-11f1-9c60-eeee0a944cb1.OPERATION#flowable-async-job-executor-thread-312#
[ScaleAppStep] Getting process for application "7516dab9-b438-4358-8940-ece5e13ee096"...#
#2026 06 19 10:09:56.286#Z#DEBUG#fa252145-6bc6-11f1-9c60-eeee0a944cb1.OPERATION#flowable-async-job-executor-thread-312#
[ScaleAppStep] Application "primepath-db-deployer" scaled#
#2026 06 19 10:09:56.286#Z#DEBUG#fa252145-6bc6-11f1-9c60-eeee0a944cb1.OPERATION#flowable-async-job-executor-thread-312#
Step "Scale App" finished#
#2026 06 19 10:09:56.320#Z#DEBUG#fa252145-6bc6-11f1-9c60-eeee0a944cb1.OPERATION#flowable-async-job-executor-thread-312#
[DetermineDesiredStateAchievingActionsStep] Executing task "determineDesiredStateAchievingActionsTask" of process "05385e70-6bc7-11f1-820a-eeee0a9e7842"...#
#2026 06 19 10:09:56.322#Z#DEBUG#fa252145-6bc6-11f1-9c60-eeee0a944cb1.OPERATION#flowable-async-job-executor-thread-312#
[DetermineDesiredStateAchievingActionsStep] Getting application "primepath-db-deployer"...#
#2026 06 19 10:09:56.366#Z#DEBUG#fa252145-6bc6-11f1-9c60-eeee0a944cb1.OPERATION#flowable-async-job-executor-thread-312#
[DetermineDesiredStateAchievingActionsStep] Getting instances for application "primepath-db-deployer"...#
#2026 06 19 10:09:56.366#Z#DEBUG#fa252145-6bc6-11f1-9c60-eeee0a944cb1.OPERATION#flowable-async-job-executor-thread-312#
[DetermineDesiredStateAchievingActionsStep] Getting environment of application "7516dab9-b438-4358-8940-ece5e13ee096"...#
#2026 06 19 10:09:56.424#Z#DEBUG#fa252145-6bc6-11f1-9c60-eeee0a944cb1.OPERATION#flowable-async-job-executor-thread-312#
[DetermineDesiredStateAchievingActionsStep] Current state of application primepath-db-deployer: STOPPED#
#2026 06 19 10:09:56.424#Z#DEBUG#fa252145-6bc6-11f1-9c60-eeee0a944cb1.OPERATION#flowable-async-job-executor-thread-312#
[DetermineDesiredStateAchievingActionsStep] Desired state of application primepath-db-deployer: STOPPED#
#2026 06 19 10:09:56.425#Z#DEBUG#fa252145-6bc6-11f1-9c60-eeee0a944cb1.OPERATION#flowable-async-job-executor-thread-312#
[DetermineDesiredStateAchievingActionsStep] Actions that should be executed on application primepath-db-deployer: [STAGE]#
#2026 06 19 10:09:56.425#Z#DEBUG#fa252145-6bc6-11f1-9c60-eeee0a944cb1.OPERATION#flowable-async-job-executor-thread-312#
Step "Determine Desired State Achieving Actions" finished#
#2026 06 19 10:09:56.464#Z#DEBUG#fa252145-6bc6-11f1-9c60-eeee0a944cb1.OPERATION#flowable-async-job-executor-thread-312#
[StageAppStep] Executing task "stageAppTask" of process "05385e70-6bc7-11f1-820a-eeee0a9e7842"...#
#2026 06 19 10:09:56.467#Z#DEBUG#fa252145-6bc6-11f1-9c60-eeee0a944cb1.OPERATION#flowable-async-job-executor-thread-312#
[StageAppStep] Application stage timeout is default one: 3,600 seconds#
#2026 06 19 10:09:56.469#Z#DEBUG#fa252145-6bc6-11f1-9c60-eeee0a944cb1.OPERATION#flowable-async-job-executor-thread-312#
Step "Stage App" finished#
#2026 06 19 10:09:56.566#Z#DEBUG#fa252145-6bc6-11f1-9c60-eeee0a944cb1.OPERATION#flowable-async-job-executor-thread-312#
[PrepareToExecuteTasksStep] Executing task "prepareToExecuteTasksTask" of process "05cd23ab-6bc7-11f1-820a-eeee0a9e7842"...#
#2026 06 19 10:09:56.568#Z#DEBUG#fa252145-6bc6-11f1-9c60-eeee0a944cb1.OPERATION#flowable-async-job-executor-thread-312#
Step "Prepare To Execute Tasks" finished#
#2026 06 19 10:09:56.762#Z#DEBUG#fa252145-6bc6-11f1-9c60-eeee0a944cb1.OPERATION#flowable-async-job-executor-thread-303#
[ProcessDescriptorStep] Executing task "reprocessDescriptorTask" of process "05e4a43c-6bc7-11f1-9e25-eeee0a983c96"...#
#2026 06 19 10:09:56.763#Z#DEBUG#fa252145-6bc6-11f1-9c60-eeee0a944cb1.OPERATION#flowable-async-job-executor-thread-303#
[ProcessDescriptorStep] Resolving properties and parameters in merged descriptor...#
#2026 06 19 10:09:56.767#Z#DEBUG#fa252145-6bc6-11f1-9c60-eeee0a944cb1.OPERATION#flowable-async-job-executor-thread-303#
[ProcessDescriptorStep] Subscriptions: [ ]#
#2026 06 19 10:09:56.773#Z#DEBUG#fa252145-6bc6-11f1-9c60-eeee0a944cb1.OPERATION#flowable-async-job-executor-thread-303#
[ProcessDescriptorStep] MTA modules: [primepath-ui-deployer, primepath-db-deployer, primepath-srv, primepath-approuter]#
#2026 06 19 10:09:56.777#Z#DEBUG#fa252145-6bc6-11f1-9c60-eeee0a944cb1.OPERATION#flowable-async-job-executor-thread-303#
[ProcessDescriptorStep] Resolved deployment descriptor: {
  "majorSchemaVersion" : 3,
  "schemaVersion" : "3.1.0",
  "id" : "primepath-travel-dashboard",
  "version" : "1.0.0",
  "modules" : [ {
    "majorSchemaVersion" : 3,
    "name" : "primepath-srv",
    "type" : "javascript.nodejs",
    "path" : "primepath-srv",
    "properties" : { },
    "parameters" : {
      "default-url" : "https://cc04186dtrial-dev-primepath-srv.cfapps.us10-001.hana.ondemand.com",
      "default-app-name" : "primepath-srv",
      "generated-password" : "********",
      "default-live-url" : "https://cc04186dtrial-dev-primepath-srv.cfapps.us10-001.hana.ondemand.com",
      "default-uri" : "cc04186dtrial-dev-primepath-srv.cfapps.us10-001.hana.ondemand.com",
      "memory" : "256M",
      "default-instances" : 1,
      "default-live-host" : "cc04186dtrial-dev-primepath-srv",
      "instances" : 1,
      "buildpack" : "nodejs_buildpack",
      "default-host" : "cc04186dtrial-dev-primepath-srv",
      "app-name" : "primepath-srv",
      "default-live-uri" : "cc04186dtrial-dev-primepath-srv.cfapps.us10-001.hana.ondemand.com",
      "protocol" : "https",
      "default-live-app-name" : "primepath-srv",
      "default-live-domain" : "cfapps.us10-001.hana.ondemand.com",
      "disk-quota" : "512M",
      "domain" : "cfapps.us10-001.hana.ondemand.com",
      "host" : "cc04186dtrial-dev-primepath-srv",
      "generated-user" : "********"
    },
    "requiredDependencies" : [ {
      "majorSchemaVersion" : 3,
      "name" : "primepath-db",
      "properties" : { },
      "parameters" : { },
      "propertiesMetadata" : {
        "metadata" : { }
      },
      "parametersMetadata" : {
        "metadata" : { }
      }
    }, {
      "majorSchemaVersion" : 3,
      "name" : "primepath-destination",
      "properties" : { },
      "parameters" : { },
      "propertiesMetadata" : {
        "metadata" : { }
      },
      "parametersMetadata" : {
        "metadata" : { }
      }
    } ],
    "providedDependencies" : [ {
      "majorSchemaVersion" : 3,
      "name" : "srv-api",
      "isPublic" : false,
      "properties" : {
        "srv-url" : "https://cc04186dtrial-dev-primepath-srv.cfapps.us10-001.hana.ondemand.com"
      },
      "parameters" : { },
      "propertiesMetadata" : {
        "metadata" : { }
      },
      "parametersMetadata" : {
        "metadata" : { }
      }
    }, {
      "majorSchemaVersion" : 3,
      "name" : "primepath-srv",
      "isPublic" : false,
      "properties" : { },
      "parameters" : { },
      "propertiesMetadata" : {
        "metadata" : { }
      },
      "parametersMetadata" : {
        "metadata" : { }
      }
    } ],
    "propertiesMetadata" : {
      "metadata" : { }
    },
    "parametersMetadata" : {
      "metadata" : { }
    },
    "hooks" : [ ]
  }, {
    "majorSchemaVersion" : 3,
    "name" : "primepath-db-deployer",
    "type" : "com.sap.xs.hdi",
    "path" : "primepath-db-deployer",
    "properties" : {
      "EXIT" : 1
    },
    "parameters" : {
      "default-url" : "https://cc04186dtrial-dev-primepath-db-deployer.cfapps.us10-001.hana.ondemand.com",
      "default-app-name" : "primepath-db-deployer",
      "generated-password" : "********",
      "default-live-url" : "https://cc04186dtrial-dev-primepath-db-deployer.cfapps.us10-001.hana.ondemand.com",
      "default-uri" : "cc04186dtrial-dev-primepath-db-deployer.cfapps.us10-001.hana.ondemand.com",
      "memory" : "256M",
      "default-instances" : 1,
      "no-route" : true,
      "default-live-host" : "cc04186dtrial-dev-primepath-db-deployer",
      "instances" : 1,
      "buildpack" : "nodejs_buildpack",
      "default-host" : "cc04186dtrial-dev-primepath-db-deployer",
      "app-name" : "primepath-db-deployer",
      "default-live-uri" : "cc04186dtrial-dev-primepath-db-deployer.cfapps.us10-001.hana.ondemand.com",
      "protocol" : "https",
      "default-live-app-name" : "primepath-db-deployer",
      "default-live-domain" : "cfapps.us10-001.hana.ondemand.com",
      "dependency-type" : "hard",
      "domain" : "cfapps.us10-001.hana.ondemand.com",
      "host" : "cc04186dtrial-dev-primepath-db-deployer",
      "generated-user" : "********",
      "tasks" : [ {
        "command" : "npm start",
        "memory" : "256M",
        "name" : "deploy"
      } ],
      "no-start" : true
    },
    "requiredDependencies" : [ {
      "majorSchemaVersion" : 3,
      "name" : "primepath-db",
      "properties" : { },
      "parameters" : { },
      "propertiesMetadata" : {
        "metadata" : { }
      },
      "parametersMetadata" : {
        "metadata" : { }
      }
    } ],
    "providedDependencies" : [ {
      "majorSchemaVersion" : 3,
      "name" : "primepath-db-deployer",
      "isPublic" : false,
      "properties" : { },
      "parameters" : { },
      "propertiesMetadata" : {
        "metadata" : { }
      },
      "parametersMetadata" : {
        "metadata" : { }
      }
    } ],
    "propertiesMetadata" : {
      "metadata" : { }
    },
    "parametersMetadata" : {
      "metadata" : { }
    },
    "hooks" : [ ]
  }, {
    "majorSchemaVersion" : 3,
    "name" : "primepath-ui-deployer",
    "type" : "com.sap.application.content",
    "path" : "primepath-ui-deployer",
    "properties" : { },
    "parameters" : {
      "default-url" : "https://cc04186dtrial-dev-primepath-ui-deployer.cfapps.us10-001.hana.ondemand.com",
      "default-app-name" : "primepath-ui-deployer",
      "generated-password" : "********",
      "default-live-url" : "https://cc04186dtrial-dev-primepath-ui-deployer.cfapps.us10-001.hana.ondemand.com",
      "default-uri" : "cc04186dtrial-dev-primepath-ui-deployer.cfapps.us10-001.hana.ondemand.com",
      "default-instances" : 1,
      "default-live-host" : "cc04186dtrial-dev-primepath-ui-deployer",
      "instances" : 1,
      "default-host" : "cc04186dtrial-dev-primepath-ui-deployer",
      "app-name" : "primepath-ui-deployer",
      "default-live-uri" : "cc04186dtrial-dev-primepath-ui-deployer.cfapps.us10-001.hana.ondemand.com",
      "protocol" : "https",
      "default-live-app-name" : "primepath-ui-deployer",
      "default-live-domain" : "cfapps.us10-001.hana.ondemand.com",
      "domain" : "cfapps.us10-001.hana.ondemand.com",
      "host" : "cc04186dtrial-dev-primepath-ui-deployer",
      "generated-user" : "********"
    },
    "requiredDependencies" : [ {
      "majorSchemaVersion" : 3,
      "name" : "primepath-html5-repo-host",
      "properties" : { },
      "parameters" : {
        "content-target" : true
      },
      "propertiesMetadata" : {
        "metadata" : { }
      },
      "parametersMetadata" : {
        "metadata" : { }
      }
    } ],
    "providedDependencies" : [ {
      "majorSchemaVersion" : 3,
      "name" : "primepath-ui-deployer",
      "isPublic" : false,
      "properties" : { },
      "parameters" : { },
      "propertiesMetadata" : {
        "metadata" : { }
      },
      "parametersMetadata" : {
        "metadata" : { }
      }
    } ],
    "propertiesMetadata" : {
      "metadata" : { }
    },
    "parametersMetadata" : {
      "metadata" : { }
    },
    "hooks" : [ ]
  }, {
    "majorSchemaVersion" : 3,
    "name" : "primepath-approuter",
    "type" : "javascript.nodejs",
    "path" : "primepath-approuter",
    "properties" : { },
    "parameters" : {
      "default-url" : "https://cc04186dtrial-dev-primepath-approuter.cfapps.us10-001.hana.ondemand.com",
      "default-app-name" : "primepath-approuter",
      "generated-password" : "********",
      "default-live-url" : "https://cc04186dtrial-dev-primepath-approuter.cfapps.us10-001.hana.ondemand.com",
      "default-uri" : "cc04186dtrial-dev-primepath-approuter.cfapps.us10-001.hana.ondemand.com",
      "memory" : "128M",
      "default-instances" : 1,
      "default-live-host" : "cc04186dtrial-dev-primepath-approuter",
      "instances" : 1,
      "default-host" : "cc04186dtrial-dev-primepath-approuter",
      "app-name" : "primepath-approuter",
      "default-live-uri" : "cc04186dtrial-dev-primepath-approuter.cfapps.us10-001.hana.ondemand.com",
      "protocol" : "https",
      "default-live-app-name" : "primepath-approuter",
      "default-live-domain" : "cfapps.us10-001.hana.ondemand.com",
      "disk-quota" : "256M",
      "domain" : "cfapps.us10-001.hana.ondemand.com",
      "host" : "cc04186dtrial-dev-primepath-approuter",
      "generated-user" : "********"
    },
    "requiredDependencies" : [ {
      "majorSchemaVersion" : 3,
      "name" : "primepath-html5-repo-runtime",
      "properties" : { },
      "parameters" : { },
      "propertiesMetadata" : {
        "metadata" : { }
      },
      "parametersMetadata" : {
        "metadata" : { }
      }
    }, {
      "majorSchemaVersion" : 3,
      "name" : "primepath-destination",
      "properties" : { },
      "parameters" : { },
      "propertiesMetadata" : {
        "metadata" : { }
      },
      "parametersMetadata" : {
        "metadata" : { }
      }
    } ],
    "providedDependencies" : [ {
      "majorSchemaVersion" : 3,
      "name" : "primepath-approuter",
      "isPublic" : false,
      "properties" : { },
      "parameters" : { },
      "propertiesMetadata" : {
        "metadata" : { }
      },
      "parametersMetadata" : {
        "metadata" : { }
      }
    } ],
    "propertiesMetadata" : {
      "metadata" : { }
    },
    "parametersMetadata" : {
      "metadata" : { }
    },
    "hooks" : [ ]
  } ],
  "resources" : [ {
    "majorSchemaVersion" : 3,
    "name" : "primepath-db",
    "type" : "com.sap.xs.hdi-container",
    "properties" : { },
    "parameters" : {
      "generated-password" : "********",
      "service-name" : "primepath-db",
      "service-plan" : "hdi-shared",
      "service" : "hana",
      "generated-user" : "********",
      "default-xsappname" : "primepath-db",
      "type" : "managed-service",
      "default-service-name" : "primepath-db",
      "default-container-name" : "CC04186DTRIAL_DEV_PRIMEPATH_DB"
    },
    "isActive" : true,
    "isOptional" : false,
    "propertiesMetadata" : {
      "metadata" : { }
    },
    "parametersMetadata" : {
      "metadata" : { }
    },
    "requiredDependencies" : [ ],
    "processedAfter" : [ ]
  }, {
    "majorSchemaVersion" : 3,
    "name" : "primepath-html5-repo-host",
    "type" : "org.cloudfoundry.managed-service",
    "properties" : { },
    "parameters" : {
      "generated-password" : "********",
      "service-name" : "primepath-html5-repo-host",
      "service-plan" : "app-host",
      "service" : "html5-apps-repo",
      "generated-user" : "********",
      "default-xsappname" : "primepath-html5-repo-host",
      "type" : "managed-service",
      "default-service-name" : "primepath-html5-repo-host",
      "default-container-name" : "CC04186DTRIAL_DEV_PRIMEPATH_HTML5_REPO_HOST"
    },
    "isActive" : true,
    "isOptional" : false,
    "propertiesMetadata" : {
      "metadata" : { }
    },
    "parametersMetadata" : {
      "metadata" : { }
    },
    "requiredDependencies" : [ ],
    "processedAfter" : [ ]
  }, {
    "majorSchemaVersion" : 3,
    "name" : "primepath-html5-repo-runtime",
    "type" : "org.cloudfoundry.managed-service",
    "properties" : { },
    "parameters" : {
      "generated-password" : "********",
      "service-name" : "primepath-html5-repo-runtime",
      "service-plan" : "app-runtime",
      "service" : "html5-apps-repo",
      "generated-user" : "********",
      "default-xsappname" : "primepath-html5-repo-runtime",
      "type" : "managed-service",
      "default-service-name" : "primepath-html5-repo-runtime",
      "default-container-name" : "CC04186DTRIAL_DEV_PRIMEPATH_HTML5_REPO_RUNTIME"
    },
    "isActive" : true,
    "isOptional" : false,
    "propertiesMetadata" : {
      "metadata" : { }
    },
    "parametersMetadata" : {
      "metadata" : { }
    },
    "requiredDependencies" : [ ],
    "processedAfter" : [ ]
  }, {
    "majorSchemaVersion" : 3,
    "name" : "primepath-destination",
    "type" : "org.cloudfoundry.managed-service",
    "properties" : { },
    "parameters" : {
      "generated-password" : "********",
      "service-name" : "primepath-destination",
      "service-plan" : "lite",
      "service" : "destination",
      "generated-user" : "********",
      "default-xsappname" : "primepath-destination",
      "type" : "managed-service",
      "config" : {
        "HTML5Runtime_enabled" : true,
        "init_data" : {
          "subaccount" : {
            "destinations" : [ {
              "Authentication" : "********",
              "HTML5.DynamicDestination" : true,
              "HTML5.ForwardAuthToken" : "********",
              "Name" : "primepath-srv-api",
              "ProxyType" : "Internet",
              "Type" : "HTTP",
              "URL" : "https://cc04186dtrial-dev-primepath-srv.cfapps.us10-001.hana.ondemand.com"
            } ],
            "existing_destinations_policy" : "update"
          }
        }
      },
      "default-service-name" : "primepath-destination",
      "default-container-name" : "CC04186DTRIAL_DEV_PRIMEPATH_DESTINATION"
    },
    "isActive" : true,
    "isOptional" : false,
    "propertiesMetadata" : {
      "metadata" : { }
    },
    "parametersMetadata" : {
      "metadata" : { }
    },
    "requiredDependencies" : [ {
      "majorSchemaVersion" : 3,
      "name" : "srv-api",
      "properties" : { },
      "parameters" : { },
      "propertiesMetadata" : {
        "metadata" : { }
      },
      "parametersMetadata" : {
        "metadata" : { }
      }
    } ],
    "processedAfter" : [ ]
  } ],
  "parameters" : {
    "deploy_mode" : "html5-repo",
    "mta-id" : "primepath-travel-dashboard",
    "authorization-url" : "********",
    "org-guid" : "dfe57157-b13a-41ad-9ad5-c1f3b3a8355a",
    "org" : "cc04186dtrial",
    "deploy-target" : "cc04186dtrial dev",
    "enable-parallel-deployments" : true,
    "region-primary-domain" : "us10.hana.ondemand.com",
    "space" : "dev",
    "region-domain" : "us10-001.hana.ondemand.com",
    "xs-api-url" : "https://api.cf.us10-001.hana.ondemand.com",
    "deploy-url" : "deploy-service.cfapps.us10-001.hana.ondemand.com",
    "xs-type" : "CF",
    "default-domain" : "cfapps.us10-001.hana.ondemand.com",
    "mta-version" : "1.0.0",
    "xs-auth-url" : "********",
    "space-guid" : "ba9bcafa-b107-42ac-8bb7-2f459d18c4c3",
    "user" : "********",
    "controller-url" : "https://api.cf.us10-001.hana.ondemand.com",
    "timestamp" : "20260619100936"
  },
  "parametersMetadata" : {
    "metadata" : { }
  }
}#
#2026 06 19 10:09:56.777#Z#DEBUG#fa252145-6bc6-11f1-9c60-eeee0a944cb1.OPERATION#flowable-async-job-executor-thread-303#
[ProcessDescriptorStep] Merged descriptor properties and parameters resolved#
#2026 06 19 10:09:56.777#Z#DEBUG#fa252145-6bc6-11f1-9c60-eeee0a944cb1.OPERATION#flowable-async-job-executor-thread-303#
Step "Re-Process Descriptor Step" finished#
#2026 06 19 10:09:56.815#Z#DEBUG#fa252145-6bc6-11f1-9c60-eeee0a944cb1.OPERATION#flowable-async-job-executor-thread-303#
[BuildApplicationDeployModelStep] Executing task "buildApplicationDeployModelTask" of process "05e4a43c-6bc7-11f1-9e25-eeee0a983c96"...#
#2026 06 19 10:09:56.817#Z#DEBUG#fa252145-6bc6-11f1-9c60-eeee0a944cb1.OPERATION#flowable-async-job-executor-thread-303#
[BuildApplicationDeployModelStep] Building cloud deployment model for application "primepath-approuter"...#
#2026 06 19 10:09:56.822#Z#DEBUG#fa252145-6bc6-11f1-9c60-eeee0a944cb1.OPERATION#flowable-async-job-executor-thread-303#
[BuildApplicationDeployModelStep] No health-check-type is specified. Setting default type: port#
#2026 06 19 10:09:56.823#Z#INFO#fa252145-6bc6-11f1-9c60-eeee0a944cb1.OPERATION#flowable-async-job-executor-thread-303#
[BuildApplicationDeployModelStep] Building configuration entries for org cc04186dtrial, space dev, spaceId ba9bcafa-b107-42ac-8bb7-2f459d18c4c3 and namespace null!#
#2026 06 19 10:09:56.824#Z#DEBUG#fa252145-6bc6-11f1-9c60-eeee0a944cb1.OPERATION#flowable-async-job-executor-thread-303#
[BuildApplicationDeployModelStep] Configuration entries to publish: [ ]#
#2026 06 19 10:09:56.824#Z#DEBUG#fa252145-6bc6-11f1-9c60-eeee0a944cb1.OPERATION#flowable-async-job-executor-thread-303#
[BuildApplicationDeployModelStep] Cloud deployment model for application built#
#2026 06 19 10:09:56.824#Z#DEBUG#fa252145-6bc6-11f1-9c60-eeee0a944cb1.OPERATION#flowable-async-job-executor-thread-303#
Step "Build Application Deploy Model" finished#
#2026 06 19 10:09:56.603#Z#DEBUG#fa252145-6bc6-11f1-9c60-eeee0a944cb1.OPERATION#flowable-async-job-executor-thread-312#
[ExecuteTaskStep] Executing task "executeTaskTask" of process "05cd23ab-6bc7-11f1-820a-eeee0a9e7842"...#
#2026 06 19 10:09:56.606#Z#DEBUG#fa252145-6bc6-11f1-9c60-eeee0a944cb1.OPERATION#flowable-async-job-executor-thread-312#
[ExecuteTaskStep] Application task execution timeout is default one: 43,200 seconds#
#2026 06 19 10:09:56.608#Z#INFO#fa252145-6bc6-11f1-9c60-eeee0a944cb1.OPERATION#flowable-async-job-executor-thread-312#
[ExecuteTaskStep] Executing task "deploy" on application "primepath-db-deployer"...#
#2026 06 19 10:09:56.614#Z#DEBUG#fa252145-6bc6-11f1-9c60-eeee0a944cb1.OPERATION#flowable-async-job-executor-thread-312#
[ExecuteTaskStep] Running task on application "primepath-db-deployer": {
  "name" : "deploy",
  "command" : "npm start",
  "limits" : {
    "memory" : 256
  }
}#
#2026 06 19 10:09:56.904#Z#DEBUG#fa252145-6bc6-11f1-9c60-eeee0a944cb1.OPERATION#flowable-async-job-executor-thread-312#
Step "Execute Task" finished#
#2026 06 19 10:09:56.970#Z#DEBUG#fa252145-6bc6-11f1-9c60-eeee0a944cb1.OPERATION#flowable-async-job-executor-thread-298#
[BuildContentDeploymentConfigurationStep] Executing task "buildContentDeploymentConfigurationTask" of process "06028cb0-6bc7-11f1-9c60-eeee0a944cb1"...#
#2026 06 19 10:09:56.978#Z#DEBUG#fa252145-6bc6-11f1-9c60-eeee0a944cb1.OPERATION#flowable-async-job-executor-thread-298#
[BuildContentDeploymentConfigurationStep] Getting service key "primepath-ui-deployer-primepath-html5-repo-host-credentials" for service instance "primepath-html5-repo-host"...#
#2026 06 19 10:09:57.188#Z#INFO#fa252145-6bc6-11f1-9c60-eeee0a944cb1.OPERATION#flowable-async-job-executor-thread-298#
[BuildContentDeploymentConfigurationStep] Service key "primepath-ui-deployer-primepath-html5-repo-host-credentials" for service "primepath-html5-repo-host" already exists#
#2026 06 19 10:09:57.195#Z#DEBUG#fa252145-6bc6-11f1-9c60-eeee0a944cb1.OPERATION#flowable-async-job-executor-thread-298#
Step "Build Content Deployment Configuration" finished#
#2026 06 19 10:09:56.859#Z#DEBUG#fa252145-6bc6-11f1-9c60-eeee0a944cb1.OPERATION#flowable-async-job-executor-thread-303#
[CreateOrUpdateAppStep] Executing task "createAppTask" of process "05e4a43c-6bc7-11f1-9e25-eeee0a983c96"...#
#2026 06 19 10:09:56.861#Z#DEBUG#fa252145-6bc6-11f1-9c60-eeee0a944cb1.OPERATION#flowable-async-job-executor-thread-303#
[CreateOrUpdateAppStep] Getting application "primepath-approuter"...#
#2026 06 19 10:09:56.905#Z#INFO#fa252145-6bc6-11f1-9c60-eeee0a944cb1.OPERATION#flowable-async-job-executor-thread-303#
[CreateOrUpdateAppStep] Updating application "primepath-approuter"...#
#2026 06 19 10:09:56.913#Z#DEBUG#fa252145-6bc6-11f1-9c60-eeee0a944cb1.OPERATION#flowable-async-job-executor-thread-303#
[CreateOrUpdateAppStep] Getting process for application "cdc46a25-9792-46f8-a78a-49c58be313e2"...#
#2026 06 19 10:09:56.947#Z#DEBUG#fa252145-6bc6-11f1-9c60-eeee0a944cb1.OPERATION#flowable-async-job-executor-thread-303#
[CreateOrUpdateAppStep] Getting routes for application "cdc46a25-9792-46f8-a78a-49c58be313e2"...#
#2026 06 19 10:09:56.996#Z#DEBUG#fa252145-6bc6-11f1-9c60-eeee0a944cb1.OPERATION#flowable-async-job-executor-thread-303#
[CreateOrUpdateAppStep] Getting features for application "cdc46a25-9792-46f8-a78a-49c58be313e2"#
#2026 06 19 10:09:57.021#Z#DEBUG#fa252145-6bc6-11f1-9c60-eeee0a944cb1.OPERATION#flowable-async-job-executor-thread-303#
[CreateOrUpdateAppStep] Updating staging of application "primepath-approuter" to: {
  "buildpacks" : [ ],
  "healthCheckType" : "port",
  "appFeatures" : { }
}#
#2026 06 19 10:09:57.224#Z#DEBUG#fa252145-6bc6-11f1-9c60-eeee0a944cb1.OPERATION#flowable-async-job-executor-thread-303#
[CreateOrUpdateAppStep] Application "primepath-approuter" updated#
#2026 06 19 10:09:57.224#Z#DEBUG#fa252145-6bc6-11f1-9c60-eeee0a944cb1.OPERATION#flowable-async-job-executor-thread-303#
[CreateOrUpdateAppStep] Getting environment of application "cdc46a25-9792-46f8-a78a-49c58be313e2"...#
#2026 06 19 10:09:57.298#Z#DEBUG#fa252145-6bc6-11f1-9c60-eeee0a944cb1.OPERATION#flowable-async-job-executor-thread-303#
[CreateOrUpdateAppStep] Application "primepath-approuter" updated#
#2026 06 19 10:09:57.298#Z#DEBUG#fa252145-6bc6-11f1-9c60-eeee0a944cb1.OPERATION#flowable-async-job-executor-thread-303#
Step "Create App" finished#
#2026 06 19 10:09:57.202#Z#DEBUG#fa252145-6bc6-11f1-9c60-eeee0a944cb1.OPERATION#flowable-async-job-executor-thread-298#
[CreateContentDeployClientConfigurationStep] Executing task "createContentDeployClientConfigurationTask" of process "06350d76-6bc7-11f1-9c60-eeee0a944cb1"...#
#2026 06 19 10:09:57.202#Z#DEBUG#fa252145-6bc6-11f1-9c60-eeee0a944cb1.OPERATION#flowable-async-job-executor-thread-298#
[CreateContentDeployClientConfigurationStep] Content deployer client configuration: {
  "contentDeployerUrl" : "https://html5-apps-repo-dt.cfapps.us10.hana.ondemand.com",
  "uaaClientConfiguration" : {
    "url" : "********",
    "credentials" : "********",
    "authenticationStrategyType" : "********"
  },
  "httpRequestHeaders" : {
    "X-CorrelationID" : "fa252145-6bc6-11f1-9c60-eeee0a944cb1"
  },
  "spaceId" : "ba9bcafa-b107-42ac-8bb7-2f459d18c4c3",
  "serviceName" : "primepath-html5-repo-host"
}#
#2026 06 19 10:09:57.383#Z#DEBUG#fa252145-6bc6-11f1-9c60-eeee0a944cb1.OPERATION#flowable-async-job-executor-thread-298#
Step "Create Content Deploy Client Configuration" finished#
#2026 06 19 10:09:57.385#Z#DEBUG#fa252145-6bc6-11f1-9c60-eeee0a944cb1.OPERATION#flowable-async-job-executor-thread-298#
[GetContentFromDeploymentDescriptorStep] Executing task "getContentFromDeploymentDescriptorTask" of process "06350d76-6bc7-11f1-9c60-eeee0a944cb1"...#
#2026 06 19 10:09:57.385#Z#DEBUG#fa252145-6bc6-11f1-9c60-eeee0a944cb1.OPERATION#flowable-async-job-executor-thread-298#
Step "Get Content From Deployment Descriptor" finished#
#2026 06 19 10:09:57.394#Z#DEBUG#fa252145-6bc6-11f1-9c60-eeee0a944cb1.OPERATION#flowable-async-job-executor-thread-303#
[CheckServiceBindingOperationStep] Executing task "checkForServiceBindingOperationInProgress" of process "064c8cde-6bc7-11f1-9e25-eeee0a983c96"...#
#2026 06 19 10:09:57.394#Z#DEBUG#fa252145-6bc6-11f1-9c60-eeee0a944cb1.OPERATION#flowable-async-job-executor-thread-303#
[CheckServiceBindingOperationStep] Checking for service binding operation in progress between app "primepath-approuter" and service instance "primepath-html5-repo-runtime"#
#2026 06 19 10:09:57.395#Z#DEBUG#fa252145-6bc6-11f1-9c60-eeee0a944cb1.OPERATION#flowable-async-job-executor-thread-303#
[CheckServiceBindingOperationStep] Getting application guid "primepath-approuter"...#
#2026 06 19 10:09:57.436#Z#DEBUG#fa252145-6bc6-11f1-9c60-eeee0a944cb1.OPERATION#flowable-async-job-executor-thread-303#
[CheckServiceBindingOperationStep] Getting GUID of required service instance "primepath-html5-repo-runtime"...#
#2026 06 19 10:09:57.489#Z#DEBUG#fa252145-6bc6-11f1-9c60-eeee0a944cb1.OPERATION#flowable-async-job-executor-thread-303#
[CheckServiceBindingOperationStep] Getting binding of service instance "33938137-0dbf-4185-962b-4b1dfcb4a7bc" with application "cdc46a25-9792-46f8-a78a-49c58be313e2"...#
#2026 06 19 10:09:57.522#Z#DEBUG#fa252145-6bc6-11f1-9c60-eeee0a944cb1.OPERATION#flowable-async-job-executor-thread-303#
[CheckServiceBindingOperationStep] Service binding operation "d773cd28-8b74-4f57-9302-a3900a6651c5" with type "create" is in state "succeeded"#
#2026 06 19 10:09:57.522#Z#DEBUG#fa252145-6bc6-11f1-9c60-eeee0a944cb1.OPERATION#flowable-async-job-executor-thread-303#
Step "Check For Service Binding Operation In Progress" finished#
#2026 06 19 10:09:57.561#Z#DEBUG#fa252145-6bc6-11f1-9c60-eeee0a944cb1.OPERATION#flowable-async-job-executor-thread-303#
[DetermineApplicationServiceBindingActionsStep] Executing task "determineApplicationServiceBindingActionsTask" of process "064c8cde-6bc7-11f1-9e25-eeee0a983c96"...#
#2026 06 19 10:09:57.563#Z#DEBUG#fa252145-6bc6-11f1-9c60-eeee0a944cb1.OPERATION#flowable-async-job-executor-thread-303#
[DetermineApplicationServiceBindingActionsStep] Determine bind/unbind operations of application "primepath-approuter" to service instance "primepath-html5-repo-runtime"#
#2026 06 19 10:09:57.563#Z#DEBUG#fa252145-6bc6-11f1-9c60-eeee0a944cb1.OPERATION#flowable-async-job-executor-thread-303#
[DetermineApplicationServiceBindingActionsStep] Getting application "primepath-approuter"...#
#2026 06 19 10:09:57.612#Z#DEBUG#fa252145-6bc6-11f1-9c60-eeee0a944cb1.OPERATION#flowable-async-job-executor-thread-303#
[DetermineApplicationServiceBindingActionsStep] Binding parameters for application "primepath-approuter": { }#
#2026 06 19 10:09:57.641#Z#DEBUG#fa252145-6bc6-11f1-9c60-eeee0a944cb1.OPERATION#flowable-async-job-executor-thread-303#
[DetermineApplicationServiceBindingActionsStep] Check should rebind application "primepath-approuter" and service instance "primepath-html5-repo-runtime"#
#2026 06 19 10:09:57.642#Z#DEBUG#fa252145-6bc6-11f1-9c60-eeee0a944cb1.OPERATION#flowable-async-job-executor-thread-303#
[DetermineApplicationServiceBindingActionsStep] Getting GUID of required service instance "primepath-html5-repo-runtime"...#
#2026 06 19 10:09:57.674#Z#DEBUG#fa252145-6bc6-11f1-9c60-eeee0a944cb1.OPERATION#flowable-async-job-executor-thread-303#
[DetermineApplicationServiceBindingActionsStep] Getting binding of service instance "33938137-0dbf-4185-962b-4b1dfcb4a7bc" with application "cdc46a25-9792-46f8-a78a-49c58be313e2"...#
#2026 06 19 10:09:57.706#Z#DEBUG#fa252145-6bc6-11f1-9c60-eeee0a944cb1.OPERATION#flowable-async-job-executor-thread-303#
[DetermineApplicationServiceBindingActionsStep] Getting parameters of service binding "d773cd28-8b74-4f57-9302-a3900a6651c5"...#
#2026 06 19 10:09:57.739#Z#WARN#fa252145-6bc6-11f1-9c60-eeee0a944cb1.OPERATION#flowable-async-job-executor-thread-303#
[DetermineApplicationServiceBindingActionsStep] Cannot retrieve parameters of binding between application "primepath-approuter" and service instance "primepath-html5-repo-runtime"#
#2026 06 19 10:09:57.740#Z#DEBUG#fa252145-6bc6-11f1-9c60-eeee0a944cb1.OPERATION#flowable-async-job-executor-thread-303#
[DetermineApplicationServiceBindingActionsStep] Calculated binding operations between application "primepath-approuter" and service instance "primepath-html5-repo-runtime": unbind - true bind - true#
#2026 06 19 10:09:57.740#Z#DEBUG#fa252145-6bc6-11f1-9c60-eeee0a944cb1.OPERATION#flowable-async-job-executor-thread-303#
Step "Determine Application Service Binding Actions" finished#
#2026 06 19 10:09:57.771#Z#DEBUG#fa252145-6bc6-11f1-9c60-eeee0a944cb1.OPERATION#flowable-async-job-executor-thread-303#
[UnbindServiceFromApplicationStep] Executing task "unbindServiceFromApplicationTask" of process "064c8cde-6bc7-11f1-9e25-eeee0a983c96"...#
#2026 06 19 10:09:57.773#Z#INFO#fa252145-6bc6-11f1-9c60-eeee0a944cb1.OPERATION#flowable-async-job-executor-thread-303#
[UnbindServiceFromApplicationStep] Unbinding service instance "primepath-html5-repo-runtime" from application "primepath-approuter"...#
#2026 06 19 10:09:57.778#Z#DEBUG#fa252145-6bc6-11f1-9c60-eeee0a944cb1.OPERATION#flowable-async-job-executor-thread-303#
[UnbindServiceFromApplicationStep] Unbinding application "primepath-approuter" from service instance "primepath-html5-repo-runtime"...#
#2026 06 19 10:09:57.926#Z#DEBUG#fa252145-6bc6-11f1-9c60-eeee0a944cb1.OPERATION#flowable-async-job-executor-thread-303#
Step "Unbind Service from Application" finished#
#2026 06 19 10:09:57.387#Z#DEBUG#fa252145-6bc6-11f1-9c60-eeee0a944cb1.OPERATION#flowable-async-job-executor-thread-298#
[UploadContentStep] Executing task "uploadContentTask" of process "06350d76-6bc7-11f1-9c60-eeee0a944cb1"...#
#2026 06 19 10:09:57.387#Z#INFO#fa252145-6bc6-11f1-9c60-eeee0a944cb1.OPERATION#flowable-async-job-executor-thread-298#
[UploadContentStep] Uploading content module "primepath-ui-deployer" in target service "primepath-html5-repo-host"...#
#2026 06 19 10:09:57.394#Z#DEBUG#fa252145-6bc6-11f1-9c60-eeee0a944cb1.OPERATION#flowable-async-job-executor-thread-298#
[UploadContentStep] Uploading file "primepath-ui-deployer/resources/data.zip" for content module "primepath-ui-deployer" in service "primepath-html5-repo-host"#
#2026 06 19 10:09:57.681#Z#INFO#fa252145-6bc6-11f1-9c60-eeee0a944cb1.OPERATION#flowable-async-job-executor-thread-298#
[UploadContentStep] Content to deploy size: 9,187 in bytes#
#2026 06 19 10:09:58.229#Z#DEBUG#fa252145-6bc6-11f1-9c60-eeee0a944cb1.OPERATION#flowable-async-job-executor-thread-298#
[UploadContentStep] Uploaded content: {
  "id" : "7d5d7f9c-60e5-488b-b182-b22402c99efe",
  "name" : "content.zip",
  "contentType" : "FILE"
}#
#2026 06 19 10:09:58.230#Z#DEBUG#fa252145-6bc6-11f1-9c60-eeee0a944cb1.OPERATION#flowable-async-job-executor-thread-298#
Step "Upload Content" finished#
#2026 06 19 10:09:58.233#Z#DEBUG#fa252145-6bc6-11f1-9c60-eeee0a944cb1.OPERATION#flowable-async-job-executor-thread-298#
[StartContentDeployStep] Executing task "startContentDeployTask" of process "06350d76-6bc7-11f1-9c60-eeee0a944cb1"...#
#2026 06 19 10:09:58.233#Z#INFO#fa252145-6bc6-11f1-9c60-eeee0a944cb1.OPERATION#flowable-async-job-executor-thread-298#
[StartContentDeployStep] Deploying content module "primepath-ui-deployer" in target service "primepath-html5-repo-host"...#
#2026 06 19 10:09:58.516#Z#DEBUG#fa252145-6bc6-11f1-9c60-eeee0a944cb1.OPERATION#flowable-async-job-executor-thread-298#
Step "Start Content Deploy" finished#
#2026 06 19 10:09:59.781#Z#DEBUG#fa252145-6bc6-11f1-9c60-eeee0a944cb1.OPERATION#flowable-async-job-executor-thread-322#
[ProcessDescriptorStep] Executing task "reprocessDescriptorTask" of process "07b2112c-6bc7-11f1-820a-eeee0a9e7842"...#
#2026 06 19 10:09:59.782#Z#DEBUG#fa252145-6bc6-11f1-9c60-eeee0a944cb1.OPERATION#flowable-async-job-executor-thread-322#
[ProcessDescriptorStep] Resolving properties and parameters in merged descriptor...#
#2026 06 19 10:09:59.793#Z#DEBUG#fa252145-6bc6-11f1-9c60-eeee0a944cb1.OPERATION#flowable-async-job-executor-thread-322#
[ProcessDescriptorStep] Subscriptions: [ ]#
#2026 06 19 10:09:59.803#Z#DEBUG#fa252145-6bc6-11f1-9c60-eeee0a944cb1.OPERATION#flowable-async-job-executor-thread-322#
[ProcessDescriptorStep] MTA modules: [primepath-ui-deployer, primepath-db-deployer, primepath-srv, primepath-approuter]#
#2026 06 19 10:09:59.808#Z#DEBUG#fa252145-6bc6-11f1-9c60-eeee0a944cb1.OPERATION#flowable-async-job-executor-thread-322#
[ProcessDescriptorStep] Resolved deployment descriptor: {
  "majorSchemaVersion" : 3,
  "schemaVersion" : "3.1.0",
  "id" : "primepath-travel-dashboard",
  "version" : "1.0.0",
  "modules" : [ {
    "majorSchemaVersion" : 3,
    "name" : "primepath-srv",
    "type" : "javascript.nodejs",
    "path" : "primepath-srv",
    "properties" : { },
    "parameters" : {
      "default-url" : "https://cc04186dtrial-dev-primepath-srv.cfapps.us10-001.hana.ondemand.com",
      "default-app-name" : "primepath-srv",
      "generated-password" : "********",
      "default-live-url" : "https://cc04186dtrial-dev-primepath-srv.cfapps.us10-001.hana.ondemand.com",
      "default-uri" : "cc04186dtrial-dev-primepath-srv.cfapps.us10-001.hana.ondemand.com",
      "memory" : "256M",
      "default-instances" : 1,
      "default-live-host" : "cc04186dtrial-dev-primepath-srv",
      "instances" : 1,
      "buildpack" : "nodejs_buildpack",
      "default-host" : "cc04186dtrial-dev-primepath-srv",
      "app-name" : "primepath-srv",
      "default-live-uri" : "cc04186dtrial-dev-primepath-srv.cfapps.us10-001.hana.ondemand.com",
      "protocol" : "https",
      "default-live-app-name" : "primepath-srv",
      "default-live-domain" : "cfapps.us10-001.hana.ondemand.com",
      "disk-quota" : "512M",
      "domain" : "cfapps.us10-001.hana.ondemand.com",
      "host" : "cc04186dtrial-dev-primepath-srv",
      "generated-user" : "********"
    },
    "requiredDependencies" : [ {
      "majorSchemaVersion" : 3,
      "name" : "primepath-db",
      "properties" : { },
      "parameters" : { },
      "propertiesMetadata" : {
        "metadata" : { }
      },
      "parametersMetadata" : {
        "metadata" : { }
      }
    }, {
      "majorSchemaVersion" : 3,
      "name" : "primepath-destination",
      "properties" : { },
      "parameters" : { },
      "propertiesMetadata" : {
        "metadata" : { }
      },
      "parametersMetadata" : {
        "metadata" : { }
      }
    } ],
    "providedDependencies" : [ {
      "majorSchemaVersion" : 3,
      "name" : "srv-api",
      "isPublic" : false,
      "properties" : {
        "srv-url" : "https://cc04186dtrial-dev-primepath-srv.cfapps.us10-001.hana.ondemand.com"
      },
      "parameters" : { },
      "propertiesMetadata" : {
        "metadata" : { }
      },
      "parametersMetadata" : {
        "metadata" : { }
      }
    }, {
      "majorSchemaVersion" : 3,
      "name" : "primepath-srv",
      "isPublic" : false,
      "properties" : { },
      "parameters" : { },
      "propertiesMetadata" : {
        "metadata" : { }
      },
      "parametersMetadata" : {
        "metadata" : { }
      }
    } ],
    "propertiesMetadata" : {
      "metadata" : { }
    },
    "parametersMetadata" : {
      "metadata" : { }
    },
    "hooks" : [ ]
  }, {
    "majorSchemaVersion" : 3,
    "name" : "primepath-db-deployer",
    "type" : "com.sap.xs.hdi",
    "path" : "primepath-db-deployer",
    "properties" : {
      "EXIT" : 1
    },
    "parameters" : {
      "default-url" : "https://cc04186dtrial-dev-primepath-db-deployer.cfapps.us10-001.hana.ondemand.com",
      "default-app-name" : "primepath-db-deployer",
      "generated-password" : "********",
      "default-live-url" : "https://cc04186dtrial-dev-primepath-db-deployer.cfapps.us10-001.hana.ondemand.com",
      "default-uri" : "cc04186dtrial-dev-primepath-db-deployer.cfapps.us10-001.hana.ondemand.com",
      "memory" : "256M",
      "default-instances" : 1,
      "no-route" : true,
      "default-live-host" : "cc04186dtrial-dev-primepath-db-deployer",
      "instances" : 1,
      "buildpack" : "nodejs_buildpack",
      "default-host" : "cc04186dtrial-dev-primepath-db-deployer",
      "app-name" : "primepath-db-deployer",
      "default-live-uri" : "cc04186dtrial-dev-primepath-db-deployer.cfapps.us10-001.hana.ondemand.com",
      "protocol" : "https",
      "default-live-app-name" : "primepath-db-deployer",
      "default-live-domain" : "cfapps.us10-001.hana.ondemand.com",
      "dependency-type" : "hard",
      "domain" : "cfapps.us10-001.hana.ondemand.com",
      "host" : "cc04186dtrial-dev-primepath-db-deployer",
      "generated-user" : "********",
      "tasks" : [ {
        "command" : "npm start",
        "memory" : "256M",
        "name" : "deploy"
      } ],
      "no-start" : true
    },
    "requiredDependencies" : [ {
      "majorSchemaVersion" : 3,
      "name" : "primepath-db",
      "properties" : { },
      "parameters" : { },
      "propertiesMetadata" : {
        "metadata" : { }
      },
      "parametersMetadata" : {
        "metadata" : { }
      }
    } ],
    "providedDependencies" : [ {
      "majorSchemaVersion" : 3,
      "name" : "primepath-db-deployer",
      "isPublic" : false,
      "properties" : { },
      "parameters" : { },
      "propertiesMetadata" : {
        "metadata" : { }
      },
      "parametersMetadata" : {
        "metadata" : { }
      }
    } ],
    "propertiesMetadata" : {
      "metadata" : { }
    },
    "parametersMetadata" : {
      "metadata" : { }
    },
    "hooks" : [ ]
  }, {
    "majorSchemaVersion" : 3,
    "name" : "primepath-ui-deployer",
    "type" : "com.sap.application.content",
    "path" : "primepath-ui-deployer",
    "properties" : { },
    "parameters" : {
      "default-url" : "https://cc04186dtrial-dev-primepath-ui-deployer.cfapps.us10-001.hana.ondemand.com",
      "default-app-name" : "primepath-ui-deployer",
      "generated-password" : "********",
      "default-live-url" : "https://cc04186dtrial-dev-primepath-ui-deployer.cfapps.us10-001.hana.ondemand.com",
      "default-uri" : "cc04186dtrial-dev-primepath-ui-deployer.cfapps.us10-001.hana.ondemand.com",
      "default-instances" : 1,
      "default-live-host" : "cc04186dtrial-dev-primepath-ui-deployer",
      "instances" : 1,
      "default-host" : "cc04186dtrial-dev-primepath-ui-deployer",
      "app-name" : "primepath-ui-deployer",
      "default-live-uri" : "cc04186dtrial-dev-primepath-ui-deployer.cfapps.us10-001.hana.ondemand.com",
      "protocol" : "https",
      "default-live-app-name" : "primepath-ui-deployer",
      "default-live-domain" : "cfapps.us10-001.hana.ondemand.com",
      "domain" : "cfapps.us10-001.hana.ondemand.com",
      "host" : "cc04186dtrial-dev-primepath-ui-deployer",
      "generated-user" : "********"
    },
    "requiredDependencies" : [ {
      "majorSchemaVersion" : 3,
      "name" : "primepath-html5-repo-host",
      "properties" : { },
      "parameters" : {
        "content-target" : true
      },
      "propertiesMetadata" : {
        "metadata" : { }
      },
      "parametersMetadata" : {
        "metadata" : { }
      }
    } ],
    "providedDependencies" : [ {
      "majorSchemaVersion" : 3,
      "name" : "primepath-ui-deployer",
      "isPublic" : false,
      "properties" : { },
      "parameters" : { },
      "propertiesMetadata" : {
        "metadata" : { }
      },
      "parametersMetadata" : {
        "metadata" : { }
      }
    } ],
    "propertiesMetadata" : {
      "metadata" : { }
    },
    "parametersMetadata" : {
      "metadata" : { }
    },
    "hooks" : [ ]
  }, {
    "majorSchemaVersion" : 3,
    "name" : "primepath-approuter",
    "type" : "javascript.nodejs",
    "path" : "primepath-approuter",
    "properties" : { },
    "parameters" : {
      "default-url" : "https://cc04186dtrial-dev-primepath-approuter.cfapps.us10-001.hana.ondemand.com",
      "default-app-name" : "primepath-approuter",
      "generated-password" : "********",
      "default-live-url" : "https://cc04186dtrial-dev-primepath-approuter.cfapps.us10-001.hana.ondemand.com",
      "default-uri" : "cc04186dtrial-dev-primepath-approuter.cfapps.us10-001.hana.ondemand.com",
      "memory" : "128M",
      "default-instances" : 1,
      "default-live-host" : "cc04186dtrial-dev-primepath-approuter",
      "instances" : 1,
      "default-host" : "cc04186dtrial-dev-primepath-approuter",
      "app-name" : "primepath-approuter",
      "default-live-uri" : "cc04186dtrial-dev-primepath-approuter.cfapps.us10-001.hana.ondemand.com",
      "protocol" : "https",
      "default-live-app-name" : "primepath-approuter",
      "default-live-domain" : "cfapps.us10-001.hana.ondemand.com",
      "disk-quota" : "256M",
      "domain" : "cfapps.us10-001.hana.ondemand.com",
      "host" : "cc04186dtrial-dev-primepath-approuter",
      "generated-user" : "********"
    },
    "requiredDependencies" : [ {
      "majorSchemaVersion" : 3,
      "name" : "primepath-html5-repo-runtime",
      "properties" : { },
      "parameters" : { },
      "propertiesMetadata" : {
        "metadata" : { }
      },
      "parametersMetadata" : {
        "metadata" : { }
      }
    }, {
      "majorSchemaVersion" : 3,
      "name" : "primepath-destination",
      "properties" : { },
      "parameters" : { },
      "propertiesMetadata" : {
        "metadata" : { }
      },
      "parametersMetadata" : {
        "metadata" : { }
      }
    } ],
    "providedDependencies" : [ {
      "majorSchemaVersion" : 3,
      "name" : "primepath-approuter",
      "isPublic" : false,
      "properties" : { },
      "parameters" : { },
      "propertiesMetadata" : {
        "metadata" : { }
      },
      "parametersMetadata" : {
        "metadata" : { }
      }
    } ],
    "propertiesMetadata" : {
      "metadata" : { }
    },
    "parametersMetadata" : {
      "metadata" : { }
    },
    "hooks" : [ ]
  } ],
  "resources" : [ {
    "majorSchemaVersion" : 3,
    "name" : "primepath-db",
    "type" : "com.sap.xs.hdi-container",
    "properties" : { },
    "parameters" : {
      "generated-password" : "********",
      "service-name" : "primepath-db",
      "service-plan" : "hdi-shared",
      "service" : "hana",
      "generated-user" : "********",
      "default-xsappname" : "primepath-db",
      "type" : "managed-service",
      "default-service-name" : "primepath-db",
      "default-container-name" : "CC04186DTRIAL_DEV_PRIMEPATH_DB"
    },
    "isActive" : true,
    "isOptional" : false,
    "propertiesMetadata" : {
      "metadata" : { }
    },
    "parametersMetadata" : {
      "metadata" : { }
    },
    "requiredDependencies" : [ ],
    "processedAfter" : [ ]
  }, {
    "majorSchemaVersion" : 3,
    "name" : "primepath-html5-repo-host",
    "type" : "org.cloudfoundry.managed-service",
    "properties" : { },
    "parameters" : {
      "generated-password" : "********",
      "service-name" : "primepath-html5-repo-host",
      "service-plan" : "app-host",
      "service" : "html5-apps-repo",
      "generated-user" : "********",
      "default-xsappname" : "primepath-html5-repo-host",
      "type" : "managed-service",
      "default-service-name" : "primepath-html5-repo-host",
      "default-container-name" : "CC04186DTRIAL_DEV_PRIMEPATH_HTML5_REPO_HOST"
    },
    "isActive" : true,
    "isOptional" : false,
    "propertiesMetadata" : {
      "metadata" : { }
    },
    "parametersMetadata" : {
      "metadata" : { }
    },
    "requiredDependencies" : [ ],
    "processedAfter" : [ ]
  }, {
    "majorSchemaVersion" : 3,
    "name" : "primepath-html5-repo-runtime",
    "type" : "org.cloudfoundry.managed-service",
    "properties" : { },
    "parameters" : {
      "generated-password" : "********",
      "service-name" : "primepath-html5-repo-runtime",
      "service-plan" : "app-runtime",
      "service" : "html5-apps-repo",
      "generated-user" : "********",
      "default-xsappname" : "primepath-html5-repo-runtime",
      "type" : "managed-service",
      "default-service-name" : "primepath-html5-repo-runtime",
      "default-container-name" : "CC04186DTRIAL_DEV_PRIMEPATH_HTML5_REPO_RUNTIME"
    },
    "isActive" : true,
    "isOptional" : false,
    "propertiesMetadata" : {
      "metadata" : { }
    },
    "parametersMetadata" : {
      "metadata" : { }
    },
    "requiredDependencies" : [ ],
    "processedAfter" : [ ]
  }, {
    "majorSchemaVersion" : 3,
    "name" : "primepath-destination",
    "type" : "org.cloudfoundry.managed-service",
    "properties" : { },
    "parameters" : {
      "generated-password" : "********",
      "service-name" : "primepath-destination",
      "service-plan" : "lite",
      "service" : "destination",
      "generated-user" : "********",
      "default-xsappname" : "primepath-destination",
      "type" : "managed-service",
      "config" : {
        "HTML5Runtime_enabled" : true,
        "init_data" : {
          "subaccount" : {
            "destinations" : [ {
              "Authentication" : "********",
              "HTML5.DynamicDestination" : true,
              "HTML5.ForwardAuthToken" : "********",
              "Name" : "primepath-srv-api",
              "ProxyType" : "Internet",
              "Type" : "HTTP",
              "URL" : "https://cc04186dtrial-dev-primepath-srv.cfapps.us10-001.hana.ondemand.com"
            } ],
            "existing_destinations_policy" : "update"
          }
        }
      },
      "default-service-name" : "primepath-destination",
      "default-container-name" : "CC04186DTRIAL_DEV_PRIMEPATH_DESTINATION"
    },
    "isActive" : true,
    "isOptional" : false,
    "propertiesMetadata" : {
      "metadata" : { }
    },
    "parametersMetadata" : {
      "metadata" : { }
    },
    "requiredDependencies" : [ {
      "majorSchemaVersion" : 3,
      "name" : "srv-api",
      "properties" : { },
      "parameters" : { },
      "propertiesMetadata" : {
        "metadata" : { }
      },
      "parametersMetadata" : {
        "metadata" : { }
      }
    } ],
    "processedAfter" : [ ]
  } ],
  "parameters" : {
    "deploy_mode" : "html5-repo",
    "mta-id" : "primepath-travel-dashboard",
    "authorization-url" : "********",
    "org-guid" : "dfe57157-b13a-41ad-9ad5-c1f3b3a8355a",
    "org" : "cc04186dtrial",
    "deploy-target" : "cc04186dtrial dev",
    "enable-parallel-deployments" : true,
    "region-primary-domain" : "us10.hana.ondemand.com",
    "space" : "dev",
    "region-domain" : "us10-001.hana.ondemand.com",
    "xs-api-url" : "https://api.cf.us10-001.hana.ondemand.com",
    "deploy-url" : "deploy-service.cfapps.us10-001.hana.ondemand.com",
    "xs-type" : "CF",
    "default-domain" : "cfapps.us10-001.hana.ondemand.com",
    "mta-version" : "1.0.0",
    "xs-auth-url" : "********",
    "space-guid" : "ba9bcafa-b107-42ac-8bb7-2f459d18c4c3",
    "user" : "********",
    "controller-url" : "https://api.cf.us10-001.hana.ondemand.com",
    "timestamp" : "20260619100936"
  },
  "parametersMetadata" : {
    "metadata" : { }
  }
}#
#2026 06 19 10:09:59.808#Z#DEBUG#fa252145-6bc6-11f1-9c60-eeee0a944cb1.OPERATION#flowable-async-job-executor-thread-322#
[ProcessDescriptorStep] Merged descriptor properties and parameters resolved#
#2026 06 19 10:09:59.808#Z#DEBUG#fa252145-6bc6-11f1-9c60-eeee0a944cb1.OPERATION#flowable-async-job-executor-thread-322#
Step "Re-Process Descriptor Step" finished#
#2026 06 19 10:09:59.723#Z#DEBUG#fa252145-6bc6-11f1-9c60-eeee0a944cb1.OPERATION#flowable-async-job-executor-thread-321#
[CheckServiceBindingOperationStep] Executing task "checkForServiceBindingOperationInProgress" of process "07ae18ec-6bc7-11f1-820a-eeee0a9e7842"...#
#2026 06 19 10:09:59.723#Z#DEBUG#fa252145-6bc6-11f1-9c60-eeee0a944cb1.OPERATION#flowable-async-job-executor-thread-321#
[CheckServiceBindingOperationStep] Checking for service binding operation in progress between app "primepath-approuter" and service instance "primepath-destination"#
#2026 06 19 10:09:59.724#Z#DEBUG#fa252145-6bc6-11f1-9c60-eeee0a944cb1.OPERATION#flowable-async-job-executor-thread-321#
[CheckServiceBindingOperationStep] Getting application guid "primepath-approuter"...#
#2026 06 19 10:09:59.773#Z#DEBUG#fa252145-6bc6-11f1-9c60-eeee0a944cb1.OPERATION#flowable-async-job-executor-thread-321#
[CheckServiceBindingOperationStep] Getting GUID of required service instance "primepath-destination"...#
#2026 06 19 10:09:59.807#Z#DEBUG#fa252145-6bc6-11f1-9c60-eeee0a944cb1.OPERATION#flowable-async-job-executor-thread-321#
[CheckServiceBindingOperationStep] Getting binding of service instance "cc41ed37-59e7-4ffe-b2fd-c6eb671162a6" with application "cdc46a25-9792-46f8-a78a-49c58be313e2"...#
#2026 06 19 10:09:59.839#Z#DEBUG#fa252145-6bc6-11f1-9c60-eeee0a944cb1.OPERATION#flowable-async-job-executor-thread-321#
[CheckServiceBindingOperationStep] Service binding operation "05146773-88f0-485d-ae84-7b96511d57bb" with type "create" is in state "succeeded"#
#2026 06 19 10:09:59.839#Z#DEBUG#fa252145-6bc6-11f1-9c60-eeee0a944cb1.OPERATION#flowable-async-job-executor-thread-321#
Step "Check For Service Binding Operation In Progress" finished#
#2026 06 19 10:09:59.851#Z#DEBUG#fa252145-6bc6-11f1-9c60-eeee0a944cb1.OPERATION#flowable-async-job-executor-thread-323#
[BuildApplicationDeployModelStep] Executing task "buildApplicationDeployModelTask" of process "07b2112c-6bc7-11f1-820a-eeee0a9e7842"...#
#2026 06 19 10:09:59.854#Z#DEBUG#fa252145-6bc6-11f1-9c60-eeee0a944cb1.OPERATION#flowable-async-job-executor-thread-323#
[BuildApplicationDeployModelStep] Building cloud deployment model for application "primepath-srv"...#
#2026 06 19 10:09:59.862#Z#DEBUG#fa252145-6bc6-11f1-9c60-eeee0a944cb1.OPERATION#flowable-async-job-executor-thread-323#
[BuildApplicationDeployModelStep] No health-check-type is specified. Setting default type: port#
#2026 06 19 10:09:59.863#Z#INFO#fa252145-6bc6-11f1-9c60-eeee0a944cb1.OPERATION#flowable-async-job-executor-thread-323#
[BuildApplicationDeployModelStep] Building configuration entries for org cc04186dtrial, space dev, spaceId ba9bcafa-b107-42ac-8bb7-2f459d18c4c3 and namespace null!#
#2026 06 19 10:09:59.864#Z#DEBUG#fa252145-6bc6-11f1-9c60-eeee0a944cb1.OPERATION#flowable-async-job-executor-thread-323#
[BuildApplicationDeployModelStep] Configuration entries to publish: [ ]#
#2026 06 19 10:09:59.864#Z#DEBUG#fa252145-6bc6-11f1-9c60-eeee0a944cb1.OPERATION#flowable-async-job-executor-thread-323#
[BuildApplicationDeployModelStep] Cloud deployment model for application built#
#2026 06 19 10:09:59.864#Z#DEBUG#fa252145-6bc6-11f1-9c60-eeee0a944cb1.OPERATION#flowable-async-job-executor-thread-323#
Step "Build Application Deploy Model" finished#
#2026 06 19 10:09:59.876#Z#DEBUG#fa252145-6bc6-11f1-9c60-eeee0a944cb1.OPERATION#flowable-async-job-executor-thread-324#
[DetermineApplicationServiceBindingActionsStep] Executing task "determineApplicationServiceBindingActionsTask" of process "07ae18ec-6bc7-11f1-820a-eeee0a9e7842"...#
#2026 06 19 10:09:59.878#Z#DEBUG#fa252145-6bc6-11f1-9c60-eeee0a944cb1.OPERATION#flowable-async-job-executor-thread-324#
[DetermineApplicationServiceBindingActionsStep] Determine bind/unbind operations of application "primepath-approuter" to service instance "primepath-destination"#
#2026 06 19 10:09:59.878#Z#DEBUG#fa252145-6bc6-11f1-9c60-eeee0a944cb1.OPERATION#flowable-async-job-executor-thread-324#
[DetermineApplicationServiceBindingActionsStep] Getting application "primepath-approuter"...#
#2026 06 19 10:09:59.926#Z#DEBUG#fa252145-6bc6-11f1-9c60-eeee0a944cb1.OPERATION#flowable-async-job-executor-thread-324#
[DetermineApplicationServiceBindingActionsStep] Binding parameters for application "primepath-approuter": { }#
#2026 06 19 10:09:59.962#Z#DEBUG#fa252145-6bc6-11f1-9c60-eeee0a944cb1.OPERATION#flowable-async-job-executor-thread-324#
[DetermineApplicationServiceBindingActionsStep] Check should rebind application "primepath-approuter" and service instance "primepath-destination"#
#2026 06 19 10:09:59.963#Z#DEBUG#fa252145-6bc6-11f1-9c60-eeee0a944cb1.OPERATION#flowable-async-job-executor-thread-324#
[DetermineApplicationServiceBindingActionsStep] Getting GUID of required service instance "primepath-destination"...#
#2026 06 19 10:09:59.996#Z#DEBUG#fa252145-6bc6-11f1-9c60-eeee0a944cb1.OPERATION#flowable-async-job-executor-thread-324#
[DetermineApplicationServiceBindingActionsStep] Getting binding of service instance "cc41ed37-59e7-4ffe-b2fd-c6eb671162a6" with application "cdc46a25-9792-46f8-a78a-49c58be313e2"...#
#2026 06 19 10:10:00.037#Z#DEBUG#fa252145-6bc6-11f1-9c60-eeee0a944cb1.OPERATION#flowable-async-job-executor-thread-324#
[DetermineApplicationServiceBindingActionsStep] Getting parameters of service binding "05146773-88f0-485d-ae84-7b96511d57bb"...#
#2026 06 19 10:10:00.076#Z#WARN#fa252145-6bc6-11f1-9c60-eeee0a944cb1.OPERATION#flowable-async-job-executor-thread-324#
[DetermineApplicationServiceBindingActionsStep] Cannot retrieve parameters of binding between application "primepath-approuter" and service instance "primepath-destination"#
#2026 06 19 10:10:00.078#Z#DEBUG#fa252145-6bc6-11f1-9c60-eeee0a944cb1.OPERATION#flowable-async-job-executor-thread-324#
[DetermineApplicationServiceBindingActionsStep] Calculated binding operations between application "primepath-approuter" and service instance "primepath-destination": unbind - true bind - true#
#2026 06 19 10:10:00.078#Z#DEBUG#fa252145-6bc6-11f1-9c60-eeee0a944cb1.OPERATION#flowable-async-job-executor-thread-324#
Step "Determine Application Service Binding Actions" finished#
#2026 06 19 10:10:00.126#Z#DEBUG#fa252145-6bc6-11f1-9c60-eeee0a944cb1.OPERATION#flowable-async-job-executor-thread-324#
[UnbindServiceFromApplicationStep] Executing task "unbindServiceFromApplicationTask" of process "07ae18ec-6bc7-11f1-820a-eeee0a9e7842"...#
#2026 06 19 10:10:00.130#Z#INFO#fa252145-6bc6-11f1-9c60-eeee0a944cb1.OPERATION#flowable-async-job-executor-thread-324#
[UnbindServiceFromApplicationStep] Unbinding service instance "primepath-destination" from application "primepath-approuter"...#
#2026 06 19 10:10:00.136#Z#DEBUG#fa252145-6bc6-11f1-9c60-eeee0a944cb1.OPERATION#flowable-async-job-executor-thread-324#
[UnbindServiceFromApplicationStep] Unbinding application "primepath-approuter" from service instance "primepath-destination"...#
#2026 06 19 10:10:00.304#Z#DEBUG#fa252145-6bc6-11f1-9c60-eeee0a944cb1.OPERATION#flowable-async-job-executor-thread-324#
Step "Unbind Service from Application" finished#
#2026 06 19 10:09:59.912#Z#DEBUG#fa252145-6bc6-11f1-9c60-eeee0a944cb1.OPERATION#flowable-async-job-executor-thread-325#
[CreateOrUpdateAppStep] Executing task "createAppTask" of process "07b2112c-6bc7-11f1-820a-eeee0a9e7842"...#
#2026 06 19 10:09:59.914#Z#DEBUG#fa252145-6bc6-11f1-9c60-eeee0a944cb1.OPERATION#flowable-async-job-executor-thread-325#
[CreateOrUpdateAppStep] Getting application "primepath-srv"...#
#2026 06 19 10:09:59.955#Z#INFO#fa252145-6bc6-11f1-9c60-eeee0a944cb1.OPERATION#flowable-async-job-executor-thread-325#
[CreateOrUpdateAppStep] Updating application "primepath-srv"...#
#2026 06 19 10:09:59.963#Z#DEBUG#fa252145-6bc6-11f1-9c60-eeee0a944cb1.OPERATION#flowable-async-job-executor-thread-325#
[CreateOrUpdateAppStep] Getting process for application "a7638aaf-09b6-417f-aa97-16c9c4dde755"...#
#2026 06 19 10:10:00.002#Z#DEBUG#fa252145-6bc6-11f1-9c60-eeee0a944cb1.OPERATION#flowable-async-job-executor-thread-325#
[CreateOrUpdateAppStep] Getting routes for application "a7638aaf-09b6-417f-aa97-16c9c4dde755"...#
#2026 06 19 10:10:00.054#Z#DEBUG#fa252145-6bc6-11f1-9c60-eeee0a944cb1.OPERATION#flowable-async-job-executor-thread-325#
[CreateOrUpdateAppStep] Getting features for application "a7638aaf-09b6-417f-aa97-16c9c4dde755"#
#2026 06 19 10:10:00.084#Z#DEBUG#fa252145-6bc6-11f1-9c60-eeee0a944cb1.OPERATION#flowable-async-job-executor-thread-325#
[CreateOrUpdateAppStep] Updating staging of application "primepath-srv" to: {
  "buildpacks" : [ "nodejs_buildpack" ],
  "healthCheckType" : "port",
  "appFeatures" : { }
}#
#2026 06 19 10:10:00.303#Z#DEBUG#fa252145-6bc6-11f1-9c60-eeee0a944cb1.OPERATION#flowable-async-job-executor-thread-325#
[CreateOrUpdateAppStep] Application "primepath-srv" updated#
#2026 06 19 10:10:00.303#Z#DEBUG#fa252145-6bc6-11f1-9c60-eeee0a944cb1.OPERATION#flowable-async-job-executor-thread-325#
[CreateOrUpdateAppStep] Getting environment of application "a7638aaf-09b6-417f-aa97-16c9c4dde755"...#
#2026 06 19 10:10:00.367#Z#DEBUG#fa252145-6bc6-11f1-9c60-eeee0a944cb1.OPERATION#flowable-async-job-executor-thread-325#
[CreateOrUpdateAppStep] Application "primepath-srv" updated#
#2026 06 19 10:10:00.367#Z#DEBUG#fa252145-6bc6-11f1-9c60-eeee0a944cb1.OPERATION#flowable-async-job-executor-thread-325#
Step "Create App" finished#
#2026 06 19 10:10:00.499#Z#DEBUG#fa252145-6bc6-11f1-9c60-eeee0a944cb1.OPERATION#flowable-async-job-executor-thread-320#
[CheckServiceBindingOperationStep] Executing task "checkForServiceBindingOperationInProgress" of process "08234901-6bc7-11f1-820a-eeee0a9e7842"...#
#2026 06 19 10:10:00.500#Z#DEBUG#fa252145-6bc6-11f1-9c60-eeee0a944cb1.OPERATION#flowable-async-job-executor-thread-320#
[CheckServiceBindingOperationStep] Checking for service binding operation in progress between app "primepath-srv" and service instance "primepath-destination"#
#2026 06 19 10:10:00.501#Z#DEBUG#fa252145-6bc6-11f1-9c60-eeee0a944cb1.OPERATION#flowable-async-job-executor-thread-320#
[CheckServiceBindingOperationStep] Getting application guid "primepath-srv"...#
#2026 06 19 10:10:00.546#Z#DEBUG#fa252145-6bc6-11f1-9c60-eeee0a944cb1.OPERATION#flowable-async-job-executor-thread-320#
[CheckServiceBindingOperationStep] Getting GUID of required service instance "primepath-destination"...#
#2026 06 19 10:10:00.578#Z#DEBUG#fa252145-6bc6-11f1-9c60-eeee0a944cb1.OPERATION#flowable-async-job-executor-thread-320#
[CheckServiceBindingOperationStep] Getting binding of service instance "cc41ed37-59e7-4ffe-b2fd-c6eb671162a6" with application "a7638aaf-09b6-417f-aa97-16c9c4dde755"...#
#2026 06 19 10:10:00.606#Z#DEBUG#fa252145-6bc6-11f1-9c60-eeee0a944cb1.OPERATION#flowable-async-job-executor-thread-320#
[CheckServiceBindingOperationStep] Service binding operation "5c772451-7658-4abe-82ce-3f552eb4a0fd" with type "create" is in state "succeeded"#
#2026 06 19 10:10:00.606#Z#DEBUG#fa252145-6bc6-11f1-9c60-eeee0a944cb1.OPERATION#flowable-async-job-executor-thread-320#
Step "Check For Service Binding Operation In Progress" finished#
#2026 06 19 10:10:00.648#Z#DEBUG#fa252145-6bc6-11f1-9c60-eeee0a944cb1.OPERATION#flowable-async-job-executor-thread-320#
[DetermineApplicationServiceBindingActionsStep] Executing task "determineApplicationServiceBindingActionsTask" of process "08234901-6bc7-11f1-820a-eeee0a9e7842"...#
#2026 06 19 10:10:00.650#Z#DEBUG#fa252145-6bc6-11f1-9c60-eeee0a944cb1.OPERATION#flowable-async-job-executor-thread-320#
[DetermineApplicationServiceBindingActionsStep] Determine bind/unbind operations of application "primepath-srv" to service instance "primepath-destination"#
#2026 06 19 10:10:00.650#Z#DEBUG#fa252145-6bc6-11f1-9c60-eeee0a944cb1.OPERATION#flowable-async-job-executor-thread-320#
[DetermineApplicationServiceBindingActionsStep] Getting application "primepath-srv"...#
#2026 06 19 10:10:00.691#Z#DEBUG#fa252145-6bc6-11f1-9c60-eeee0a944cb1.OPERATION#flowable-async-job-executor-thread-320#
[DetermineApplicationServiceBindingActionsStep] Binding parameters for application "primepath-srv": { }#
#2026 06 19 10:10:00.723#Z#DEBUG#fa252145-6bc6-11f1-9c60-eeee0a944cb1.OPERATION#flowable-async-job-executor-thread-320#
[DetermineApplicationServiceBindingActionsStep] Check should rebind application "primepath-srv" and service instance "primepath-destination"#
#2026 06 19 10:10:00.723#Z#DEBUG#fa252145-6bc6-11f1-9c60-eeee0a944cb1.OPERATION#flowable-async-job-executor-thread-320#
[DetermineApplicationServiceBindingActionsStep] Getting GUID of required service instance "primepath-destination"...#
#2026 06 19 10:10:00.761#Z#DEBUG#fa252145-6bc6-11f1-9c60-eeee0a944cb1.OPERATION#flowable-async-job-executor-thread-320#
[DetermineApplicationServiceBindingActionsStep] Getting binding of service instance "cc41ed37-59e7-4ffe-b2fd-c6eb671162a6" with application "a7638aaf-09b6-417f-aa97-16c9c4dde755"...#
#2026 06 19 10:10:00.803#Z#DEBUG#fa252145-6bc6-11f1-9c60-eeee0a944cb1.OPERATION#flowable-async-job-executor-thread-320#
[DetermineApplicationServiceBindingActionsStep] Getting parameters of service binding "5c772451-7658-4abe-82ce-3f552eb4a0fd"...#
#2026 06 19 10:10:00.843#Z#WARN#fa252145-6bc6-11f1-9c60-eeee0a944cb1.OPERATION#flowable-async-job-executor-thread-320#
[DetermineApplicationServiceBindingActionsStep] Cannot retrieve parameters of binding between application "primepath-srv" and service instance "primepath-destination"#
#2026 06 19 10:10:00.847#Z#DEBUG#fa252145-6bc6-11f1-9c60-eeee0a944cb1.OPERATION#flowable-async-job-executor-thread-320#
[DetermineApplicationServiceBindingActionsStep] Calculated binding operations between application "primepath-srv" and service instance "primepath-destination": unbind - true bind - true#
#2026 06 19 10:10:00.847#Z#DEBUG#fa252145-6bc6-11f1-9c60-eeee0a944cb1.OPERATION#flowable-async-job-executor-thread-320#
Step "Determine Application Service Binding Actions" finished#
#2026 06 19 10:10:00.929#Z#DEBUG#fa252145-6bc6-11f1-9c60-eeee0a944cb1.OPERATION#flowable-async-job-executor-thread-323#
[UnbindServiceFromApplicationStep] Executing task "unbindServiceFromApplicationTask" of process "08234901-6bc7-11f1-820a-eeee0a9e7842"...#
#2026 06 19 10:10:00.933#Z#INFO#fa252145-6bc6-11f1-9c60-eeee0a944cb1.OPERATION#flowable-async-job-executor-thread-323#
[UnbindServiceFromApplicationStep] Unbinding service instance "primepath-destination" from application "primepath-srv"...#
#2026 06 19 10:10:00.939#Z#DEBUG#fa252145-6bc6-11f1-9c60-eeee0a944cb1.OPERATION#flowable-async-job-executor-thread-323#
[UnbindServiceFromApplicationStep] Unbinding application "primepath-srv" from service instance "primepath-destination"...#
#2026 06 19 10:10:01.110#Z#DEBUG#fa252145-6bc6-11f1-9c60-eeee0a944cb1.OPERATION#flowable-async-job-executor-thread-323#
Step "Unbind Service from Application" finished#
#2026 06 19 10:10:02.784#Z#DEBUG#fa252145-6bc6-11f1-9c60-eeee0a944cb1.OPERATION#flowable-async-job-executor-thread-326#
[CheckServiceBindingOperationStep] Executing task "checkForServiceBindingOperationInProgress" of process "097df745-6bc7-11f1-820a-eeee0a9e7842"...#
#2026 06 19 10:10:02.784#Z#DEBUG#fa252145-6bc6-11f1-9c60-eeee0a944cb1.OPERATION#flowable-async-job-executor-thread-326#
[CheckServiceBindingOperationStep] Checking for service binding operation in progress between app "primepath-srv" and service instance "primepath-db"#
#2026 06 19 10:10:02.785#Z#DEBUG#fa252145-6bc6-11f1-9c60-eeee0a944cb1.OPERATION#flowable-async-job-executor-thread-326#
[CheckServiceBindingOperationStep] Getting application guid "primepath-srv"...#
#2026 06 19 10:10:02.824#Z#DEBUG#fa252145-6bc6-11f1-9c60-eeee0a944cb1.OPERATION#flowable-async-job-executor-thread-326#
[CheckServiceBindingOperationStep] Getting GUID of required service instance "primepath-db"...#
#2026 06 19 10:10:02.874#Z#DEBUG#fa252145-6bc6-11f1-9c60-eeee0a944cb1.OPERATION#flowable-async-job-executor-thread-326#
[CheckServiceBindingOperationStep] Getting binding of service instance "eeac984e-ad18-41ad-9782-58239ffa9d43" with application "a7638aaf-09b6-417f-aa97-16c9c4dde755"...#
#2026 06 19 10:10:02.911#Z#DEBUG#fa252145-6bc6-11f1-9c60-eeee0a944cb1.OPERATION#flowable-async-job-executor-thread-326#
[CheckServiceBindingOperationStep] Service binding operation "e895b197-7488-4a59-965c-62f07273d1d6" with type "create" is in state "succeeded"#
#2026 06 19 10:10:02.911#Z#DEBUG#fa252145-6bc6-11f1-9c60-eeee0a944cb1.OPERATION#flowable-async-job-executor-thread-326#
Step "Check For Service Binding Operation In Progress" finished#
#2026 06 19 10:10:02.981#Z#DEBUG#fa252145-6bc6-11f1-9c60-eeee0a944cb1.OPERATION#flowable-async-job-executor-thread-326#
[DetermineApplicationServiceBindingActionsStep] Executing task "determineApplicationServiceBindingActionsTask" of process "097df745-6bc7-11f1-820a-eeee0a9e7842"...#
#2026 06 19 10:10:02.983#Z#DEBUG#fa252145-6bc6-11f1-9c60-eeee0a944cb1.OPERATION#flowable-async-job-executor-thread-326#
[DetermineApplicationServiceBindingActionsStep] Determine bind/unbind operations of application "primepath-srv" to service instance "primepath-db"#
#2026 06 19 10:10:02.983#Z#DEBUG#fa252145-6bc6-11f1-9c60-eeee0a944cb1.OPERATION#flowable-async-job-executor-thread-326#
[DetermineApplicationServiceBindingActionsStep] Getting application "primepath-srv"...#
#2026 06 19 10:10:03.030#Z#DEBUG#fa252145-6bc6-11f1-9c60-eeee0a944cb1.OPERATION#flowable-async-job-executor-thread-326#
[DetermineApplicationServiceBindingActionsStep] Binding parameters for application "primepath-srv": { }#
#2026 06 19 10:10:03.069#Z#DEBUG#fa252145-6bc6-11f1-9c60-eeee0a944cb1.OPERATION#flowable-async-job-executor-thread-326#
[DetermineApplicationServiceBindingActionsStep] Check should rebind application "primepath-srv" and service instance "primepath-db"#
#2026 06 19 10:10:03.069#Z#DEBUG#fa252145-6bc6-11f1-9c60-eeee0a944cb1.OPERATION#flowable-async-job-executor-thread-326#
[DetermineApplicationServiceBindingActionsStep] Getting GUID of required service instance "primepath-db"...#
#2026 06 19 10:10:03.099#Z#DEBUG#fa252145-6bc6-11f1-9c60-eeee0a944cb1.OPERATION#flowable-async-job-executor-thread-326#
[DetermineApplicationServiceBindingActionsStep] Getting binding of service instance "eeac984e-ad18-41ad-9782-58239ffa9d43" with application "a7638aaf-09b6-417f-aa97-16c9c4dde755"...#
#2026 06 19 10:10:03.133#Z#DEBUG#fa252145-6bc6-11f1-9c60-eeee0a944cb1.OPERATION#flowable-async-job-executor-thread-326#
[DetermineApplicationServiceBindingActionsStep] Getting parameters of service binding "e895b197-7488-4a59-965c-62f07273d1d6"...#
#2026 06 19 10:10:03.343#Z#INFO#fa252145-6bc6-11f1-9c60-eeee0a944cb1.OPERATION#flowable-async-job-executor-thread-326#
[DetermineApplicationServiceBindingActionsStep] Service instance "primepath-db" will not be rebound to application "primepath-srv" because the binding parameters are not modified#
#2026 06 19 10:10:03.351#Z#DEBUG#fa252145-6bc6-11f1-9c60-eeee0a944cb1.OPERATION#flowable-async-job-executor-thread-326#
[DetermineApplicationServiceBindingActionsStep] Calculated binding operations between application "primepath-srv" and service instance "primepath-db": unbind - false bind - false#
#2026 06 19 10:10:03.351#Z#DEBUG#fa252145-6bc6-11f1-9c60-eeee0a944cb1.OPERATION#flowable-async-job-executor-thread-326#
Step "Determine Application Service Binding Actions" finished#
#2026 06 19 10:10:03.638#Z#DEBUG#fa252145-6bc6-11f1-9c60-eeee0a944cb1.OPERATION#flowable-async-job-executor-thread-309#
[UnbindServiceFromApplicationStep] Executing task "unbindServiceFromApplicationTask" of process "064c8cde-6bc7-11f1-9e25-eeee0a983c96"...#
#2026 06 19 10:10:03.640#Z#DEBUG#fa252145-6bc6-11f1-9c60-eeee0a944cb1.OPERATION#flowable-async-job-executor-thread-309#
[UnbindServiceFromApplicationStep] Getting async job "7e71054b-a2cd-4c0e-b16e-beeefd14b752"#
#2026 06 19 10:10:03.668#Z#DEBUG#fa252145-6bc6-11f1-9c60-eeee0a944cb1.OPERATION#flowable-async-job-executor-thread-309#
[UnbindServiceFromApplicationStep] Getting service instance "primepath-html5-repo-runtime"...#
#2026 06 19 10:10:03.800#Z#DEBUG#fa252145-6bc6-11f1-9c60-eeee0a944cb1.OPERATION#flowable-async-job-executor-thread-309#
[UnbindServiceFromApplicationStep] Async service binding operation with id "7e71054b-a2cd-4c0e-b16e-beeefd14b752" finished#
#2026 06 19 10:10:03.804#Z#DEBUG#fa252145-6bc6-11f1-9c60-eeee0a944cb1.OPERATION#flowable-async-job-executor-thread-309#
Step "Unbind Service from Application" finished#
#2026 06 19 10:10:04.010#Z#DEBUG#fa252145-6bc6-11f1-9c60-eeee0a944cb1.OPERATION#flowable-async-job-executor-thread-313#
[BindServiceToApplicationStep] Executing task "bindServiceToApplicationTask" of process "064c8cde-6bc7-11f1-9e25-eeee0a983c96"...#
#2026 06 19 10:10:04.012#Z#INFO#fa252145-6bc6-11f1-9c60-eeee0a944cb1.OPERATION#flowable-async-job-executor-thread-313#
[BindServiceToApplicationStep] Binding service instance "primepath-html5-repo-runtime" to application "primepath-approuter"...#
#2026 06 19 10:10:04.020#Z#DEBUG#fa252145-6bc6-11f1-9c60-eeee0a944cb1.OPERATION#flowable-async-job-executor-thread-313#
[BindServiceToApplicationStep] Binding service instance "primepath-html5-repo-runtime" to application "primepath-approuter" with parameters: { }#
#2026 06 19 10:10:04.143#Z#DEBUG#fa252145-6bc6-11f1-9c60-eeee0a944cb1.OPERATION#flowable-async-job-executor-thread-313#
Step "Bind Service to Application" finished#
#2026 06 19 10:10:04.252#Z#DEBUG#fa252145-6bc6-11f1-9c60-eeee0a944cb1.OPERATION#flowable-async-job-executor-thread-310#
[ExecuteTaskStep] Executing task "executeTaskTask" of process "05cd23ab-6bc7-11f1-820a-eeee0a9e7842"...#
#2026 06 19 10:10:04.254#Z#DEBUG#fa252145-6bc6-11f1-9c60-eeee0a944cb1.OPERATION#flowable-async-job-executor-thread-310#
[ExecuteTaskStep] Application task execution timeout is default one: 43,200 seconds#
#2026 06 19 10:10:04.257#Z#DEBUG#fa252145-6bc6-11f1-9c60-eeee0a944cb1.OPERATION#flowable-async-job-executor-thread-310#
[ExecuteTaskStep] Getting task "e5facd2c-1077-4ae0-bb5c-73b006042f02"...#
#2026 06 19 10:10:04.288#Z#DEBUG#fa252145-6bc6-11f1-9c60-eeee0a944cb1.OPERATION#flowable-async-job-executor-thread-310#
[ExecuteTaskStep] Task execution status: running#
#2026 06 19 10:10:04.290#Z#DEBUG#fa252145-6bc6-11f1-9c60-eeee0a944cb1.OPERATION#flowable-async-job-executor-thread-310#
[ExecuteTaskStep] Getting application guid "primepath-db-deployer"...#
#2026 06 19 10:10:04.383#Z#DEBUG#fa252145-6bc6-11f1-9c60-eeee0a944cb1.OPERATION#flowable-async-job-executor-thread-310#
Step "Execute Task" finished#
#2026 06 19 10:10:03.902#Z#DEBUG#fa252145-6bc6-11f1-9c60-eeee0a944cb1.OPERATION#flowable-async-job-executor-thread-311#
[StartContentDeployStep] Executing task "startContentDeployTask" of process "06350d76-6bc7-11f1-9c60-eeee0a944cb1"...#
#2026 06 19 10:10:03.904#Z#DEBUG#fa252145-6bc6-11f1-9c60-eeee0a944cb1.OPERATION#flowable-async-job-executor-thread-311#
[StartContentDeployStep] Checking status of module content deployment "primepath-ui-deployer" in service "primepath-html5-repo-host"...#
#2026 06 19 10:10:04.393#Z#DEBUG#fa252145-6bc6-11f1-9c60-eeee0a944cb1.OPERATION#flowable-async-job-executor-thread-311#
[StartContentDeployStep] Deleting content deployment resource "7d5d7f9c-60e5-488b-b182-b22402c99efe"...#
#2026 06 19 10:10:04.428#Z#DEBUG#fa252145-6bc6-11f1-9c60-eeee0a944cb1.OPERATION#flowable-async-job-executor-thread-311#
Step "Start Content Deploy" finished#
#2026 06 19 10:10:13.783#Z#DEBUG#fa252145-6bc6-11f1-9c60-eeee0a944cb1.OPERATION#flowable-async-job-executor-thread-310#
[UnbindServiceFromApplicationStep] Executing task "unbindServiceFromApplicationTask" of process "07ae18ec-6bc7-11f1-820a-eeee0a9e7842"...#
#2026 06 19 10:10:13.786#Z#DEBUG#fa252145-6bc6-11f1-9c60-eeee0a944cb1.OPERATION#flowable-async-job-executor-thread-310#
[UnbindServiceFromApplicationStep] Getting async job "42b2f189-75a0-4f00-b1cd-bfe27625daa0"#
#2026 06 19 10:10:13.815#Z#DEBUG#fa252145-6bc6-11f1-9c60-eeee0a944cb1.OPERATION#flowable-async-job-executor-thread-310#
[UnbindServiceFromApplicationStep] Getting service instance "primepath-destination"...#
#2026 06 19 10:10:13.963#Z#DEBUG#fa252145-6bc6-11f1-9c60-eeee0a944cb1.OPERATION#flowable-async-job-executor-thread-310#
[UnbindServiceFromApplicationStep] Async service binding operation with id "42b2f189-75a0-4f00-b1cd-bfe27625daa0" finished#
#2026 06 19 10:10:13.966#Z#DEBUG#fa252145-6bc6-11f1-9c60-eeee0a944cb1.OPERATION#flowable-async-job-executor-thread-310#
Step "Unbind Service from Application" finished#
#2026 06 19 10:10:13.970#Z#DEBUG#fa252145-6bc6-11f1-9c60-eeee0a944cb1.OPERATION#flowable-async-job-executor-thread-301#
[BindServiceToApplicationStep] Executing task "bindServiceToApplicationTask" of process "064c8cde-6bc7-11f1-9e25-eeee0a983c96"...#
#2026 06 19 10:10:13.972#Z#DEBUG#fa252145-6bc6-11f1-9c60-eeee0a944cb1.OPERATION#flowable-async-job-executor-thread-301#
[BindServiceToApplicationStep] Getting async job "7b7cb7ce-0474-48e3-b7f0-06a83a510c22"#
#2026 06 19 10:10:14.013#Z#DEBUG#fa252145-6bc6-11f1-9c60-eeee0a944cb1.OPERATION#flowable-async-job-executor-thread-301#
[BindServiceToApplicationStep] Getting service instance "primepath-html5-repo-runtime"...#
#2026 06 19 10:10:14.135#Z#DEBUG#fa252145-6bc6-11f1-9c60-eeee0a944cb1.OPERATION#flowable-async-job-executor-thread-309#
[BindServiceToApplicationStep] Executing task "bindServiceToApplicationTask" of process "07ae18ec-6bc7-11f1-820a-eeee0a9e7842"...#
#2026 06 19 10:10:14.137#Z#INFO#fa252145-6bc6-11f1-9c60-eeee0a944cb1.OPERATION#flowable-async-job-executor-thread-309#
[BindServiceToApplicationStep] Binding service instance "primepath-destination" to application "primepath-approuter"...#
#2026 06 19 10:10:14.144#Z#DEBUG#fa252145-6bc6-11f1-9c60-eeee0a944cb1.OPERATION#flowable-async-job-executor-thread-309#
[BindServiceToApplicationStep] Binding service instance "primepath-destination" to application "primepath-approuter" with parameters: { }#
#2026 06 19 10:10:14.149#Z#DEBUG#fa252145-6bc6-11f1-9c60-eeee0a944cb1.OPERATION#flowable-async-job-executor-thread-301#
[BindServiceToApplicationStep] Async service binding operation with id "7b7cb7ce-0474-48e3-b7f0-06a83a510c22" finished#
#2026 06 19 10:10:14.150#Z#DEBUG#fa252145-6bc6-11f1-9c60-eeee0a944cb1.OPERATION#flowable-async-job-executor-thread-301#
Step "Bind Service to Application" finished#
#2026 06 19 10:10:14.267#Z#DEBUG#fa252145-6bc6-11f1-9c60-eeee0a944cb1.OPERATION#flowable-async-job-executor-thread-309#
Step "Bind Service to Application" finished#
#2026 06 19 10:10:14.273#Z#DEBUG#fa252145-6bc6-11f1-9c60-eeee0a944cb1.OPERATION#flowable-async-job-executor-thread-311#
[ExecuteTaskStep] Executing task "executeTaskTask" of process "05cd23ab-6bc7-11f1-820a-eeee0a9e7842"...#
#2026 06 19 10:10:14.276#Z#DEBUG#fa252145-6bc6-11f1-9c60-eeee0a944cb1.OPERATION#flowable-async-job-executor-thread-311#
[ExecuteTaskStep] Application task execution timeout is default one: 43,200 seconds#
#2026 06 19 10:10:14.278#Z#DEBUG#fa252145-6bc6-11f1-9c60-eeee0a944cb1.OPERATION#flowable-async-job-executor-thread-311#
[ExecuteTaskStep] Getting task "e5facd2c-1077-4ae0-bb5c-73b006042f02"...#
#2026 06 19 10:10:14.305#Z#DEBUG#fa252145-6bc6-11f1-9c60-eeee0a944cb1.OPERATION#flowable-async-job-executor-thread-311#
[ExecuteTaskStep] Task execution status: failed#
#2026 06 19 10:10:14.306#Z#DEBUG#fa252145-6bc6-11f1-9c60-eeee0a944cb1.OPERATION#flowable-async-job-executor-thread-311#
[ExecuteTaskStep] Getting application guid "primepath-db-deployer"...#
#2026 06 19 10:10:14.407#Z#ERROR#fa252145-6bc6-11f1-9c60-eeee0a944cb1.OPERATION#flowable-async-job-executor-thread-311#
[ExecuteTaskStep] Execution of task "deploy" on application "primepath-db-deployer" failed.#
#2026 06 19 10:10:14.416#Z#INFO#fa252145-6bc6-11f1-9c60-eeee0a944cb1.OPERATION#flowable-async-job-executor-thread-311#
[ExecuteTaskStep] Download the MTA operation logs for more details.#
#2026 06 19 10:10:14.427#Z#DEBUG#fa252145-6bc6-11f1-9c60-eeee0a944cb1.OPERATION#flowable-async-job-executor-thread-311#
Step "Execute Task" finished#
#2026 06 19 10:10:14.376#Z#DEBUG#fa252145-6bc6-11f1-9c60-eeee0a944cb1.OPERATION#flowable-async-job-executor-thread-313#
[UnbindServiceFromApplicationStep] Executing task "unbindServiceFromApplicationTask" of process "08234901-6bc7-11f1-820a-eeee0a9e7842"...#
#2026 06 19 10:10:14.380#Z#DEBUG#fa252145-6bc6-11f1-9c60-eeee0a944cb1.OPERATION#flowable-async-job-executor-thread-313#
[UnbindServiceFromApplicationStep] Getting async job "3415b3de-3a89-43e3-b37d-14a24774f509"#
#2026 06 19 10:10:14.405#Z#DEBUG#fa252145-6bc6-11f1-9c60-eeee0a944cb1.OPERATION#flowable-async-job-executor-thread-313#
[UnbindServiceFromApplicationStep] Getting service instance "primepath-destination"...#
#2026 06 19 10:10:14.547#Z#DEBUG#fa252145-6bc6-11f1-9c60-eeee0a944cb1.OPERATION#flowable-async-job-executor-thread-313#
[UnbindServiceFromApplicationStep] Async service binding operation with id "3415b3de-3a89-43e3-b37d-14a24774f509" finished#
#2026 06 19 10:10:14.553#Z#DEBUG#fa252145-6bc6-11f1-9c60-eeee0a944cb1.OPERATION#flowable-async-job-executor-thread-313#
Step "Unbind Service from Application" finished#
#2026 06 19 10:10:14.663#Z#DEBUG#fa252145-6bc6-11f1-9c60-eeee0a944cb1.OPERATION#flowable-async-job-executor-thread-315#
[BindServiceToApplicationStep] Executing task "bindServiceToApplicationTask" of process "08234901-6bc7-11f1-820a-eeee0a9e7842"...#
#2026 06 19 10:10:14.672#Z#INFO#fa252145-6bc6-11f1-9c60-eeee0a944cb1.OPERATION#flowable-async-job-executor-thread-315#
[BindServiceToApplicationStep] Binding service instance "primepath-destination" to application "primepath-srv"...#
#2026 06 19 10:10:14.748#Z#DEBUG#fa252145-6bc6-11f1-9c60-eeee0a944cb1.OPERATION#flowable-async-job-executor-thread-315#
[BindServiceToApplicationStep] Binding service instance "primepath-destination" to application "primepath-srv" with parameters: { }#
#2026 06 19 10:10:14.891#Z#DEBUG#fa252145-6bc6-11f1-9c60-eeee0a944cb1.OPERATION#flowable-async-job-executor-thread-315#
Step "Bind Service to Application" finished#
#2026 06 19 10:10:15.508#Z#DEBUG#fa252145-6bc6-11f1-9c60-eeee0a944cb1.OPERATION#flowable-async-job-executor-thread-308#
[ExecuteTaskStep] Executing task "executeTaskTask" of process "05cd23ab-6bc7-11f1-820a-eeee0a9e7842"...#
#2026 06 19 10:10:15.513#Z#DEBUG#fa252145-6bc6-11f1-9c60-eeee0a944cb1.OPERATION#flowable-async-job-executor-thread-308#
[ExecuteTaskStep] Application task execution timeout is default one: 43,200 seconds#
#2026 06 19 10:10:15.517#Z#INFO#fa252145-6bc6-11f1-9c60-eeee0a944cb1.OPERATION#flowable-async-job-executor-thread-308#
[ExecuteTaskStep] Executing task "deploy" on application "primepath-db-deployer"...#
#2026 06 19 10:10:15.524#Z#DEBUG#fa252145-6bc6-11f1-9c60-eeee0a944cb1.OPERATION#flowable-async-job-executor-thread-308#
[ExecuteTaskStep] Running task on application "primepath-db-deployer": {
  "name" : "deploy",
  "command" : "npm start",
  "limits" : {
    "memory" : 256
  }
}#
#2026 06 19 10:10:15.807#Z#DEBUG#fa252145-6bc6-11f1-9c60-eeee0a944cb1.OPERATION#flowable-async-job-executor-thread-308#
Step "Execute Task" finished#
#2026 06 19 10:10:24.210#Z#DEBUG#fa252145-6bc6-11f1-9c60-eeee0a944cb1.OPERATION#flowable-async-job-executor-thread-311#
[BindServiceToApplicationStep] Executing task "bindServiceToApplicationTask" of process "07ae18ec-6bc7-11f1-820a-eeee0a9e7842"...#
#2026 06 19 10:10:24.214#Z#DEBUG#fa252145-6bc6-11f1-9c60-eeee0a944cb1.OPERATION#flowable-async-job-executor-thread-311#
[BindServiceToApplicationStep] Getting async job "18fbc4cf-a478-4bee-a675-9f23ecbec778"#
#2026 06 19 10:10:24.246#Z#DEBUG#fa252145-6bc6-11f1-9c60-eeee0a944cb1.OPERATION#flowable-async-job-executor-thread-311#
[BindServiceToApplicationStep] Getting service instance "primepath-destination"...#
#2026 06 19 10:10:24.375#Z#DEBUG#fa252145-6bc6-11f1-9c60-eeee0a944cb1.OPERATION#flowable-async-job-executor-thread-311#
[BindServiceToApplicationStep] Async service binding operation with id "18fbc4cf-a478-4bee-a675-9f23ecbec778" finished#
#2026 06 19 10:10:24.376#Z#DEBUG#fa252145-6bc6-11f1-9c60-eeee0a944cb1.OPERATION#flowable-async-job-executor-thread-311#
Step "Bind Service to Application" finished#
#2026 06 19 10:10:24.481#Z#DEBUG#fa252145-6bc6-11f1-9c60-eeee0a944cb1.OPERATION#flowable-async-job-executor-thread-301#
[BindServiceToApplicationStep] Executing task "bindServiceToApplicationTask" of process "08234901-6bc7-11f1-820a-eeee0a9e7842"...#
#2026 06 19 10:10:24.482#Z#DEBUG#fa252145-6bc6-11f1-9c60-eeee0a944cb1.OPERATION#flowable-async-job-executor-thread-301#
[BindServiceToApplicationStep] Getting async job "11dfe316-a736-412e-82e7-a5143ac9974c"#
#2026 06 19 10:10:24.526#Z#DEBUG#fa252145-6bc6-11f1-9c60-eeee0a944cb1.OPERATION#flowable-async-job-executor-thread-301#
[BindServiceToApplicationStep] Getting service instance "primepath-destination"...#
#2026 06 19 10:10:24.655#Z#DEBUG#fa252145-6bc6-11f1-9c60-eeee0a944cb1.OPERATION#flowable-async-job-executor-thread-301#
[BindServiceToApplicationStep] Async service binding operation with id "11dfe316-a736-412e-82e7-a5143ac9974c" finished#
#2026 06 19 10:10:24.656#Z#DEBUG#fa252145-6bc6-11f1-9c60-eeee0a944cb1.OPERATION#flowable-async-job-executor-thread-301#
Step "Bind Service to Application" finished#
#2026 06 19 10:10:24.691#Z#DEBUG#fa252145-6bc6-11f1-9c60-eeee0a944cb1.OPERATION#flowable-async-job-executor-thread-310#
[ExecuteTaskStep] Executing task "executeTaskTask" of process "05cd23ab-6bc7-11f1-820a-eeee0a9e7842"...#
#2026 06 19 10:10:24.693#Z#DEBUG#fa252145-6bc6-11f1-9c60-eeee0a944cb1.OPERATION#flowable-async-job-executor-thread-310#
[ExecuteTaskStep] Application task execution timeout is default one: 43,200 seconds#
#2026 06 19 10:10:24.696#Z#DEBUG#fa252145-6bc6-11f1-9c60-eeee0a944cb1.OPERATION#flowable-async-job-executor-thread-310#
[ExecuteTaskStep] Getting task "558694ad-4c25-40bd-9705-f37881178f60"...#
#2026 06 19 10:10:24.726#Z#DEBUG#fa252145-6bc6-11f1-9c60-eeee0a944cb1.OPERATION#flowable-async-job-executor-thread-310#
[ExecuteTaskStep] Task execution status: running#
#2026 06 19 10:10:24.727#Z#DEBUG#fa252145-6bc6-11f1-9c60-eeee0a944cb1.OPERATION#flowable-async-job-executor-thread-310#
[ExecuteTaskStep] Getting application guid "primepath-db-deployer"...#
#2026 06 19 10:10:24.833#Z#DEBUG#fa252145-6bc6-11f1-9c60-eeee0a944cb1.OPERATION#flowable-async-job-executor-thread-310#
Step "Execute Task" finished#
#2026 06 19 10:10:25.088#Z#DEBUG#fa252145-6bc6-11f1-9c60-eeee0a944cb1.OPERATION#flowable-async-job-executor-thread-313#
[DetermineVcapServicesPropertiesChangedStep] Executing task "determineVcapServicesPropertiesChangedTask" of process "16ae9565-6bc7-11f1-9e25-eeee0a983c96"...#
#2026 06 19 10:10:25.092#Z#DEBUG#fa252145-6bc6-11f1-9c60-eeee0a944cb1.OPERATION#flowable-async-job-executor-thread-313#
[DetermineVcapServicesPropertiesChangedStep] VCAP_SERVICES properties for application "primepath-approuter" changed: true#
#2026 06 19 10:10:25.092#Z#DEBUG#fa252145-6bc6-11f1-9c60-eeee0a944cb1.OPERATION#flowable-async-job-executor-thread-313#
Step "Determine vcap services properties changed" finished#
#2026 06 19 10:10:25.131#Z#DEBUG#fa252145-6bc6-11f1-9c60-eeee0a944cb1.OPERATION#flowable-async-job-executor-thread-313#
[DetermineVcapServicesPropertiesChangedStep] Executing task "determineVcapServicesPropertiesChangedTask" of process "16c83706-6bc7-11f1-9e25-eeee0a983c96"...#
#2026 06 19 10:10:25.133#Z#DEBUG#fa252145-6bc6-11f1-9c60-eeee0a944cb1.OPERATION#flowable-async-job-executor-thread-313#
[DetermineVcapServicesPropertiesChangedStep] VCAP_SERVICES properties for application "primepath-srv" changed: true#
#2026 06 19 10:10:25.133#Z#DEBUG#fa252145-6bc6-11f1-9c60-eeee0a944cb1.OPERATION#flowable-async-job-executor-thread-313#
Step "Determine vcap services properties changed" finished#
#2026 06 19 10:10:25.171#Z#DEBUG#fa252145-6bc6-11f1-9c60-eeee0a944cb1.OPERATION#flowable-async-job-executor-thread-313#
[UploadAppStep] Executing task "uploadAppTask" of process "16ae9565-6bc7-11f1-9e25-eeee0a983c96"...#
#2026 06 19 10:10:25.173#Z#DEBUG#fa252145-6bc6-11f1-9c60-eeee0a944cb1.OPERATION#flowable-async-job-executor-thread-313#
[UploadAppStep] Application upload timeout is default one: 3,600 seconds#
#2026 06 19 10:10:25.174#Z#INFO#fa252145-6bc6-11f1-9c60-eeee0a944cb1.OPERATION#flowable-async-job-executor-thread-313#
[UploadAppStep] Uploading application "primepath-approuter"...#
#2026 06 19 10:10:25.179#Z#DEBUG#fa252145-6bc6-11f1-9c60-eeee0a944cb1.OPERATION#flowable-async-job-executor-thread-313#
[UploadAppStep] Getting application "primepath-approuter"...#
#2026 06 19 10:10:25.180#Z#DEBUG#fa252145-6bc6-11f1-9c60-eeee0a944cb1.OPERATION#flowable-async-job-executor-thread-315#
[UploadAppStep] Executing task "uploadAppTask" of process "16c83706-6bc7-11f1-9e25-eeee0a983c96"...#
#2026 06 19 10:10:25.183#Z#DEBUG#fa252145-6bc6-11f1-9c60-eeee0a944cb1.OPERATION#flowable-async-job-executor-thread-315#
[UploadAppStep] Application upload timeout is default one: 3,600 seconds#
#2026 06 19 10:10:25.183#Z#INFO#fa252145-6bc6-11f1-9c60-eeee0a944cb1.OPERATION#flowable-async-job-executor-thread-315#
[UploadAppStep] Uploading application "primepath-srv"...#
#2026 06 19 10:10:25.197#Z#DEBUG#fa252145-6bc6-11f1-9c60-eeee0a944cb1.OPERATION#flowable-async-job-executor-thread-315#
[UploadAppStep] Getting application "primepath-srv"...#
#2026 06 19 10:10:25.221#Z#DEBUG#fa252145-6bc6-11f1-9c60-eeee0a944cb1.OPERATION#flowable-async-job-executor-thread-313#
[UploadAppStep] Getting environment of application "cdc46a25-9792-46f8-a78a-49c58be313e2"...#
#2026 06 19 10:10:25.232#Z#DEBUG#fa252145-6bc6-11f1-9c60-eeee0a944cb1.OPERATION#flowable-async-job-executor-thread-315#
[UploadAppStep] Getting environment of application "a7638aaf-09b6-417f-aa97-16c9c4dde755"...#
#2026 06 19 10:10:25.260#Z#INFO#fa252145-6bc6-11f1-9c60-eeee0a944cb1.OPERATION#flowable-async-job-executor-thread-313#
[UploadAppStep] Calculating application digest: "primepath-approuter"#
#2026 06 19 10:10:25.269#Z#INFO#fa252145-6bc6-11f1-9c60-eeee0a944cb1.OPERATION#flowable-async-job-executor-thread-315#
[UploadAppStep] Calculating application digest: "primepath-srv"#
#2026 06 19 10:10:25.445#Z#DEBUG#fa252145-6bc6-11f1-9c60-eeee0a944cb1.OPERATION#flowable-async-job-executor-thread-315#
[UploadAppStep] Getting packages for application: "a7638aaf-09b6-417f-aa97-16c9c4dde755"#
#2026 06 19 10:10:25.470#Z#DEBUG#fa252145-6bc6-11f1-9c60-eeee0a944cb1.OPERATION#flowable-async-job-executor-thread-313#
[UploadAppStep] Getting packages for application: "cdc46a25-9792-46f8-a78a-49c58be313e2"#
#2026 06 19 10:10:25.491#Z#DEBUG#fa252145-6bc6-11f1-9c60-eeee0a944cb1.OPERATION#flowable-async-job-executor-thread-315#
[UploadAppStep] Getting the current droplet for application: "a7638aaf-09b6-417f-aa97-16c9c4dde755"#
#2026 06 19 10:10:25.515#Z#DEBUG#fa252145-6bc6-11f1-9c60-eeee0a944cb1.OPERATION#flowable-async-job-executor-thread-313#
[UploadAppStep] Getting the current droplet for application: "cdc46a25-9792-46f8-a78a-49c58be313e2"#
#2026 06 19 10:10:25.520#Z#DEBUG#fa252145-6bc6-11f1-9c60-eeee0a944cb1.OPERATION#flowable-async-job-executor-thread-315#
[UploadAppStep] Getting package by id: "96762319-3f3b-4f80-9209-6ef8516fece0"#
#2026 06 19 10:10:25.547#Z#DEBUG#fa252145-6bc6-11f1-9c60-eeee0a944cb1.OPERATION#flowable-async-job-executor-thread-313#
[UploadAppStep] Getting package by id: "4f66a4ea-c09f-4390-b4a4-0862baf3083a"#
#2026 06 19 10:10:25.549#Z#DEBUG#fa252145-6bc6-11f1-9c60-eeee0a944cb1.OPERATION#flowable-async-job-executor-thread-315#
[UploadAppStep] Getting builds for application "a7638aaf-09b6-417f-aa97-16c9c4dde755"...#
#2026 06 19 10:10:25.576#Z#DEBUG#fa252145-6bc6-11f1-9c60-eeee0a944cb1.OPERATION#flowable-async-job-executor-thread-313#
[UploadAppStep] Getting builds for application "cdc46a25-9792-46f8-a78a-49c58be313e2"...#
#2026 06 19 10:10:25.676#Z#DEBUG#fa252145-6bc6-11f1-9c60-eeee0a944cb1.OPERATION#flowable-async-job-executor-thread-315#
[UploadAppStep] Getting the current droplet for application: "a7638aaf-09b6-417f-aa97-16c9c4dde755"#
#2026 06 19 10:10:25.681#Z#DEBUG#fa252145-6bc6-11f1-9c60-eeee0a944cb1.OPERATION#flowable-async-job-executor-thread-313#
[UploadAppStep] Getting the current droplet for application: "cdc46a25-9792-46f8-a78a-49c58be313e2"#
#2026 06 19 10:10:25.709#Z#INFO#fa252145-6bc6-11f1-9c60-eeee0a944cb1.OPERATION#flowable-async-job-executor-thread-315#
[UploadAppStep] Content of application "primepath-srv" is not changed - upload will be skipped.#
#2026 06 19 10:10:25.712#Z#INFO#fa252145-6bc6-11f1-9c60-eeee0a944cb1.OPERATION#flowable-async-job-executor-thread-313#
[UploadAppStep] Content of application "primepath-approuter" is not changed - upload will be skipped.#
#2026 06 19 10:10:25.715#Z#DEBUG#fa252145-6bc6-11f1-9c60-eeee0a944cb1.OPERATION#flowable-async-job-executor-thread-315#
Step "Upload App" finished#
#2026 06 19 10:10:25.720#Z#DEBUG#fa252145-6bc6-11f1-9c60-eeee0a944cb1.OPERATION#flowable-async-job-executor-thread-313#
Step "Upload App" finished#
#2026 06 19 10:10:25.759#Z#DEBUG#fa252145-6bc6-11f1-9c60-eeee0a944cb1.OPERATION#flowable-async-job-executor-thread-315#
[ScaleAppStep] Executing task "scaleAppTask" of process "16c83706-6bc7-11f1-9e25-eeee0a983c96"...#
#2026 06 19 10:10:25.761#Z#DEBUG#fa252145-6bc6-11f1-9c60-eeee0a944cb1.OPERATION#flowable-async-job-executor-thread-313#
[ScaleAppStep] Executing task "scaleAppTask" of process "16ae9565-6bc7-11f1-9e25-eeee0a983c96"...#
#2026 06 19 10:10:25.763#Z#DEBUG#fa252145-6bc6-11f1-9c60-eeee0a944cb1.OPERATION#flowable-async-job-executor-thread-315#
[ScaleAppStep] Scaling application "primepath-srv"...#
#2026 06 19 10:10:25.763#Z#DEBUG#fa252145-6bc6-11f1-9c60-eeee0a944cb1.OPERATION#flowable-async-job-executor-thread-315#
[ScaleAppStep] Getting application guid "primepath-srv"...#
#2026 06 19 10:10:25.767#Z#DEBUG#fa252145-6bc6-11f1-9c60-eeee0a944cb1.OPERATION#flowable-async-job-executor-thread-313#
[ScaleAppStep] Scaling application "primepath-approuter"...#
#2026 06 19 10:10:25.767#Z#DEBUG#fa252145-6bc6-11f1-9c60-eeee0a944cb1.OPERATION#flowable-async-job-executor-thread-313#
[ScaleAppStep] Getting application guid "primepath-approuter"...#
#2026 06 19 10:10:25.807#Z#DEBUG#fa252145-6bc6-11f1-9c60-eeee0a944cb1.OPERATION#flowable-async-job-executor-thread-315#
[ScaleAppStep] Getting process for application "a7638aaf-09b6-417f-aa97-16c9c4dde755"...#
#2026 06 19 10:10:25.812#Z#DEBUG#fa252145-6bc6-11f1-9c60-eeee0a944cb1.OPERATION#flowable-async-job-executor-thread-313#
[ScaleAppStep] Getting process for application "cdc46a25-9792-46f8-a78a-49c58be313e2"...#
#2026 06 19 10:10:25.846#Z#DEBUG#fa252145-6bc6-11f1-9c60-eeee0a944cb1.OPERATION#flowable-async-job-executor-thread-313#
[ScaleAppStep] Application "primepath-approuter" scaled#
#2026 06 19 10:10:25.846#Z#DEBUG#fa252145-6bc6-11f1-9c60-eeee0a944cb1.OPERATION#flowable-async-job-executor-thread-313#
Step "Scale App" finished#
#2026 06 19 10:10:25.846#Z#DEBUG#fa252145-6bc6-11f1-9c60-eeee0a944cb1.OPERATION#flowable-async-job-executor-thread-315#
[ScaleAppStep] Application "primepath-srv" scaled#
#2026 06 19 10:10:25.846#Z#DEBUG#fa252145-6bc6-11f1-9c60-eeee0a944cb1.OPERATION#flowable-async-job-executor-thread-315#
Step "Scale App" finished#
#2026 06 19 10:10:25.888#Z#DEBUG#fa252145-6bc6-11f1-9c60-eeee0a944cb1.OPERATION#flowable-async-job-executor-thread-315#
[DetermineDesiredStateAchievingActionsStep] Executing task "determineDesiredStateAchievingActionsTask" of process "16c83706-6bc7-11f1-9e25-eeee0a983c96"...#
#2026 06 19 10:10:25.889#Z#DEBUG#fa252145-6bc6-11f1-9c60-eeee0a944cb1.OPERATION#flowable-async-job-executor-thread-313#
[DetermineDesiredStateAchievingActionsStep] Executing task "determineDesiredStateAchievingActionsTask" of process "16ae9565-6bc7-11f1-9e25-eeee0a983c96"...#
#2026 06 19 10:10:25.892#Z#DEBUG#fa252145-6bc6-11f1-9c60-eeee0a944cb1.OPERATION#flowable-async-job-executor-thread-315#
[DetermineDesiredStateAchievingActionsStep] Getting application "primepath-srv"...#
#2026 06 19 10:10:25.892#Z#DEBUG#fa252145-6bc6-11f1-9c60-eeee0a944cb1.OPERATION#flowable-async-job-executor-thread-313#
[DetermineDesiredStateAchievingActionsStep] Getting application "primepath-approuter"...#
#2026 06 19 10:10:25.935#Z#DEBUG#fa252145-6bc6-11f1-9c60-eeee0a944cb1.OPERATION#flowable-async-job-executor-thread-313#
[DetermineDesiredStateAchievingActionsStep] Getting instances for application "primepath-approuter"...#
#2026 06 19 10:10:25.938#Z#DEBUG#fa252145-6bc6-11f1-9c60-eeee0a944cb1.OPERATION#flowable-async-job-executor-thread-315#
[DetermineDesiredStateAchievingActionsStep] Getting instances for application "primepath-srv"...#
#2026 06 19 10:10:25.986#Z#DEBUG#fa252145-6bc6-11f1-9c60-eeee0a944cb1.OPERATION#flowable-async-job-executor-thread-315#
[DetermineDesiredStateAchievingActionsStep] Getting environment of application "a7638aaf-09b6-417f-aa97-16c9c4dde755"...#
#2026 06 19 10:10:25.988#Z#DEBUG#fa252145-6bc6-11f1-9c60-eeee0a944cb1.OPERATION#flowable-async-job-executor-thread-313#
[DetermineDesiredStateAchievingActionsStep] Getting environment of application "cdc46a25-9792-46f8-a78a-49c58be313e2"...#
#2026 06 19 10:10:26.022#Z#DEBUG#fa252145-6bc6-11f1-9c60-eeee0a944cb1.OPERATION#flowable-async-job-executor-thread-315#
[DetermineDesiredStateAchievingActionsStep] Current state of application primepath-srv: STARTED#
#2026 06 19 10:10:26.022#Z#DEBUG#fa252145-6bc6-11f1-9c60-eeee0a944cb1.OPERATION#flowable-async-job-executor-thread-315#
[DetermineDesiredStateAchievingActionsStep] Desired state of application primepath-srv: STARTED#
#2026 06 19 10:10:26.022#Z#DEBUG#fa252145-6bc6-11f1-9c60-eeee0a944cb1.OPERATION#flowable-async-job-executor-thread-315#
[DetermineDesiredStateAchievingActionsStep] Actions that should be executed on application primepath-srv: [STOP, STAGE, START]#
#2026 06 19 10:10:26.022#Z#DEBUG#fa252145-6bc6-11f1-9c60-eeee0a944cb1.OPERATION#flowable-async-job-executor-thread-315#
Step "Determine Desired State Achieving Actions" finished#
#2026 06 19 10:10:26.025#Z#DEBUG#fa252145-6bc6-11f1-9c60-eeee0a944cb1.OPERATION#flowable-async-job-executor-thread-313#
[DetermineDesiredStateAchievingActionsStep] Current state of application primepath-approuter: STARTED#
#2026 06 19 10:10:26.025#Z#DEBUG#fa252145-6bc6-11f1-9c60-eeee0a944cb1.OPERATION#flowable-async-job-executor-thread-313#
[DetermineDesiredStateAchievingActionsStep] Desired state of application primepath-approuter: STARTED#
#2026 06 19 10:10:26.025#Z#DEBUG#fa252145-6bc6-11f1-9c60-eeee0a944cb1.OPERATION#flowable-async-job-executor-thread-313#
[DetermineDesiredStateAchievingActionsStep] Actions that should be executed on application primepath-approuter: [STOP, STAGE, START]#
#2026 06 19 10:10:26.025#Z#DEBUG#fa252145-6bc6-11f1-9c60-eeee0a944cb1.OPERATION#flowable-async-job-executor-thread-313#
Step "Determine Desired State Achieving Actions" finished#
#2026 06 19 10:10:26.055#Z#DEBUG#fa252145-6bc6-11f1-9c60-eeee0a944cb1.OPERATION#flowable-async-job-executor-thread-315#
[StopAppStep] Executing task "stopAppTask" of process "16c83706-6bc7-11f1-9e25-eeee0a983c96"...#
#2026 06 19 10:10:26.057#Z#DEBUG#fa252145-6bc6-11f1-9c60-eeee0a944cb1.OPERATION#flowable-async-job-executor-thread-313#
[StopAppStep] Executing task "stopAppTask" of process "16ae9565-6bc7-11f1-9e25-eeee0a983c96"...#
#2026 06 19 10:10:26.057#Z#INFO#fa252145-6bc6-11f1-9c60-eeee0a944cb1.OPERATION#flowable-async-job-executor-thread-315#
[StopAppStep] Stopping application "primepath-srv"...#
#2026 06 19 10:10:26.060#Z#INFO#fa252145-6bc6-11f1-9c60-eeee0a944cb1.OPERATION#flowable-async-job-executor-thread-313#
[StopAppStep] Stopping application "primepath-approuter"...#
#2026 06 19 10:10:26.063#Z#DEBUG#fa252145-6bc6-11f1-9c60-eeee0a944cb1.OPERATION#flowable-async-job-executor-thread-315#
[StopAppStep] Stopping application "primepath-srv"...#
#2026 06 19 10:10:26.065#Z#DEBUG#fa252145-6bc6-11f1-9c60-eeee0a944cb1.OPERATION#flowable-async-job-executor-thread-313#
[StopAppStep] Stopping application "primepath-approuter"...#
#2026 06 19 10:10:26.200#Z#DEBUG#fa252145-6bc6-11f1-9c60-eeee0a944cb1.OPERATION#flowable-async-job-executor-thread-315#
[StopAppStep] Application "primepath-srv" stopped#
#2026 06 19 10:10:26.200#Z#DEBUG#fa252145-6bc6-11f1-9c60-eeee0a944cb1.OPERATION#flowable-async-job-executor-thread-315#
[StopAppStep] Getting environment of application "a7638aaf-09b6-417f-aa97-16c9c4dde755"...#
#2026 06 19 10:10:26.222#Z#DEBUG#fa252145-6bc6-11f1-9c60-eeee0a944cb1.OPERATION#flowable-async-job-executor-thread-313#
[StopAppStep] Application "primepath-approuter" stopped#
#2026 06 19 10:10:26.223#Z#DEBUG#fa252145-6bc6-11f1-9c60-eeee0a944cb1.OPERATION#flowable-async-job-executor-thread-313#
[StopAppStep] Getting environment of application "cdc46a25-9792-46f8-a78a-49c58be313e2"...#
#2026 06 19 10:10:26.245#Z#DEBUG#fa252145-6bc6-11f1-9c60-eeee0a944cb1.OPERATION#flowable-async-job-executor-thread-315#
Step "Stop App" finished#
#2026 06 19 10:10:26.252#Z#DEBUG#fa252145-6bc6-11f1-9c60-eeee0a944cb1.OPERATION#flowable-async-job-executor-thread-313#
Step "Stop App" finished#
#2026 06 19 10:10:26.292#Z#DEBUG#fa252145-6bc6-11f1-9c60-eeee0a944cb1.OPERATION#flowable-async-job-executor-thread-309#
[StageAppStep] Executing task "stageAppTask" of process "1785bb82-6bc7-11f1-9e25-eeee0a983c96"...#
#2026 06 19 10:10:26.293#Z#DEBUG#fa252145-6bc6-11f1-9c60-eeee0a944cb1.OPERATION#flowable-async-job-executor-thread-313#
[StageAppStep] Executing task "stageAppTask" of process "1786a5ee-6bc7-11f1-9e25-eeee0a983c96"...#
#2026 06 19 10:10:26.294#Z#DEBUG#fa252145-6bc6-11f1-9c60-eeee0a944cb1.OPERATION#flowable-async-job-executor-thread-309#
[StageAppStep] Application stage timeout is default one: 3,600 seconds#
#2026 06 19 10:10:26.295#Z#DEBUG#fa252145-6bc6-11f1-9c60-eeee0a944cb1.OPERATION#flowable-async-job-executor-thread-313#
[StageAppStep] Application stage timeout is default one: 3,600 seconds#
#2026 06 19 10:10:26.296#Z#DEBUG#fa252145-6bc6-11f1-9c60-eeee0a944cb1.OPERATION#flowable-async-job-executor-thread-309#
Step "Stage App" finished#
#2026 06 19 10:10:26.296#Z#DEBUG#fa252145-6bc6-11f1-9c60-eeee0a944cb1.OPERATION#flowable-async-job-executor-thread-313#
Step "Stage App" finished#
#2026 06 19 10:10:26.329#Z#DEBUG#fa252145-6bc6-11f1-9c60-eeee0a944cb1.OPERATION#flowable-async-job-executor-thread-309#
[RestartAppStep] Executing task "startAppTask" of process "1785bb82-6bc7-11f1-9e25-eeee0a983c96"...#
#2026 06 19 10:10:26.332#Z#DEBUG#fa252145-6bc6-11f1-9c60-eeee0a944cb1.OPERATION#flowable-async-job-executor-thread-313#
[RestartAppStep] Executing task "startAppTask" of process "1786a5ee-6bc7-11f1-9e25-eeee0a983c96"...#
#2026 06 19 10:10:26.333#Z#DEBUG#fa252145-6bc6-11f1-9c60-eeee0a944cb1.OPERATION#flowable-async-job-executor-thread-309#
[RestartAppStep] Application start timeout is default one: 3,600 seconds#
#2026 06 19 10:10:26.336#Z#DEBUG#fa252145-6bc6-11f1-9c60-eeee0a944cb1.OPERATION#flowable-async-job-executor-thread-313#
[RestartAppStep] Application start timeout is default one: 3,600 seconds#
#2026 06 19 10:10:26.339#Z#DEBUG#fa252145-6bc6-11f1-9c60-eeee0a944cb1.OPERATION#flowable-async-job-executor-thread-309#
[RestartAppStep] Getting application "primepath-srv"...#
#2026 06 19 10:10:26.345#Z#DEBUG#fa252145-6bc6-11f1-9c60-eeee0a944cb1.OPERATION#flowable-async-job-executor-thread-313#
[RestartAppStep] Getting application "primepath-approuter"...#
#2026 06 19 10:10:26.381#Z#INFO#fa252145-6bc6-11f1-9c60-eeee0a944cb1.OPERATION#flowable-async-job-executor-thread-313#
[RestartAppStep] Starting application "primepath-approuter"...#
#2026 06 19 10:10:26.386#Z#INFO#fa252145-6bc6-11f1-9c60-eeee0a944cb1.OPERATION#flowable-async-job-executor-thread-309#
[RestartAppStep] Starting application "primepath-srv"...#
#2026 06 19 10:10:26.387#Z#DEBUG#fa252145-6bc6-11f1-9c60-eeee0a944cb1.OPERATION#flowable-async-job-executor-thread-313#
[RestartAppStep] Starting application "primepath-approuter"...#
#2026 06 19 10:10:26.390#Z#DEBUG#fa252145-6bc6-11f1-9c60-eeee0a944cb1.OPERATION#flowable-async-job-executor-thread-309#
[RestartAppStep] Starting application "primepath-srv"...#
#2026 06 19 10:10:26.703#Z#DEBUG#fa252145-6bc6-11f1-9c60-eeee0a944cb1.OPERATION#flowable-async-job-executor-thread-309#
Step "Start App" finished#
#2026 06 19 10:10:26.794#Z#DEBUG#fa252145-6bc6-11f1-9c60-eeee0a944cb1.OPERATION#flowable-async-job-executor-thread-313#
Step "Start App" finished#
#2026 06 19 10:10:34.282#Z#DEBUG#fa252145-6bc6-11f1-9c60-eeee0a944cb1.OPERATION#flowable-async-job-executor-thread-320#
[RestartAppStep] Executing task "startAppTask" of process "17cb7641-6bc7-11f1-9e25-eeee0a983c96"...#
#2026 06 19 10:10:34.285#Z#DEBUG#fa252145-6bc6-11f1-9c60-eeee0a944cb1.OPERATION#flowable-async-job-executor-thread-320#
[RestartAppStep] Application start timeout is default one: 3,600 seconds#
#2026 06 19 10:10:34.286#Z#DEBUG#fa252145-6bc6-11f1-9c60-eeee0a944cb1.OPERATION#flowable-async-job-executor-thread-320#
[RestartAppStep] Checking status of application "primepath-srv"...#
#2026 06 19 10:10:34.286#Z#DEBUG#fa252145-6bc6-11f1-9c60-eeee0a944cb1.OPERATION#flowable-async-job-executor-thread-320#
[RestartAppStep] Getting application "primepath-srv"...#
#2026 06 19 10:10:34.330#Z#DEBUG#fa252145-6bc6-11f1-9c60-eeee0a944cb1.OPERATION#flowable-async-job-executor-thread-320#
[RestartAppStep] Getting instances for application "primepath-srv"...#
#2026 06 19 10:10:34.393#Z#DEBUG#fa252145-6bc6-11f1-9c60-eeee0a944cb1.OPERATION#flowable-async-job-executor-thread-320#
[RestartAppStep] Application "primepath-srv": 0 of 1 instances running (1 starting)#
#2026 06 19 10:10:34.445#Z#DEBUG#fa252145-6bc6-11f1-9c60-eeee0a944cb1.OPERATION#flowable-async-job-executor-thread-320#
Step "Start App" finished#
#2026 06 19 10:10:34.340#Z#DEBUG#fa252145-6bc6-11f1-9c60-eeee0a944cb1.OPERATION#flowable-async-job-executor-thread-348#
[RestartAppStep] Executing task "startAppTask" of process "17d931eb-6bc7-11f1-9e25-eeee0a983c96"...#
#2026 06 19 10:10:34.344#Z#DEBUG#fa252145-6bc6-11f1-9c60-eeee0a944cb1.OPERATION#flowable-async-job-executor-thread-348#
[RestartAppStep] Application start timeout is default one: 3,600 seconds#
#2026 06 19 10:10:34.346#Z#DEBUG#fa252145-6bc6-11f1-9c60-eeee0a944cb1.OPERATION#flowable-async-job-executor-thread-348#
[RestartAppStep] Checking status of application "primepath-approuter"...#
#2026 06 19 10:10:34.346#Z#DEBUG#fa252145-6bc6-11f1-9c60-eeee0a944cb1.OPERATION#flowable-async-job-executor-thread-348#
[RestartAppStep] Getting application "primepath-approuter"...#
#2026 06 19 10:10:34.387#Z#DEBUG#fa252145-6bc6-11f1-9c60-eeee0a944cb1.OPERATION#flowable-async-job-executor-thread-348#
[RestartAppStep] Getting instances for application "primepath-approuter"...#
#2026 06 19 10:10:34.441#Z#DEBUG#fa252145-6bc6-11f1-9c60-eeee0a944cb1.OPERATION#flowable-async-job-executor-thread-348#
[RestartAppStep] Application "primepath-approuter": 0 of 1 instances running (1 starting)#
#2026 06 19 10:10:34.497#Z#DEBUG#fa252145-6bc6-11f1-9c60-eeee0a944cb1.OPERATION#flowable-async-job-executor-thread-348#
Step "Start App" finished#
#2026 06 19 10:10:34.856#Z#DEBUG#fa252145-6bc6-11f1-9c60-eeee0a944cb1.OPERATION#flowable-async-job-executor-thread-319#
[ExecuteTaskStep] Executing task "executeTaskTask" of process "05cd23ab-6bc7-11f1-820a-eeee0a9e7842"...#
#2026 06 19 10:10:34.859#Z#DEBUG#fa252145-6bc6-11f1-9c60-eeee0a944cb1.OPERATION#flowable-async-job-executor-thread-319#
[ExecuteTaskStep] Application task execution timeout is default one: 43,200 seconds#
#2026 06 19 10:10:34.860#Z#DEBUG#fa252145-6bc6-11f1-9c60-eeee0a944cb1.OPERATION#flowable-async-job-executor-thread-319#
[ExecuteTaskStep] Getting task "558694ad-4c25-40bd-9705-f37881178f60"...#
#2026 06 19 10:10:34.892#Z#DEBUG#fa252145-6bc6-11f1-9c60-eeee0a944cb1.OPERATION#flowable-async-job-executor-thread-319#
[ExecuteTaskStep] Task execution status: failed#
#2026 06 19 10:10:34.893#Z#DEBUG#fa252145-6bc6-11f1-9c60-eeee0a944cb1.OPERATION#flowable-async-job-executor-thread-319#
[ExecuteTaskStep] Getting application guid "primepath-db-deployer"...#
#2026 06 19 10:10:34.988#Z#ERROR#fa252145-6bc6-11f1-9c60-eeee0a944cb1.OPERATION#flowable-async-job-executor-thread-319#
[ExecuteTaskStep] Execution of task "deploy" on application "primepath-db-deployer" failed.#
#2026 06 19 10:10:34.995#Z#INFO#fa252145-6bc6-11f1-9c60-eeee0a944cb1.OPERATION#flowable-async-job-executor-thread-319#
[ExecuteTaskStep] Download the MTA operation logs for more details.#
#2026 06 19 10:10:35.002#Z#DEBUG#fa252145-6bc6-11f1-9c60-eeee0a944cb1.OPERATION#flowable-async-job-executor-thread-319#
Step "Execute Task" finished#
#2026 06 19 10:10:37.919#Z#DEBUG#fa252145-6bc6-11f1-9c60-eeee0a944cb1.OPERATION#flowable-async-job-executor-thread-327#
[ExecuteTaskStep] Executing task "executeTaskTask" of process "05cd23ab-6bc7-11f1-820a-eeee0a9e7842"...#
#2026 06 19 10:10:37.922#Z#DEBUG#fa252145-6bc6-11f1-9c60-eeee0a944cb1.OPERATION#flowable-async-job-executor-thread-327#
[ExecuteTaskStep] Application task execution timeout is default one: 43,200 seconds#
#2026 06 19 10:10:37.927#Z#INFO#fa252145-6bc6-11f1-9c60-eeee0a944cb1.OPERATION#flowable-async-job-executor-thread-327#
[ExecuteTaskStep] Executing task "deploy" on application "primepath-db-deployer"...#
#2026 06 19 10:10:37.934#Z#DEBUG#fa252145-6bc6-11f1-9c60-eeee0a944cb1.OPERATION#flowable-async-job-executor-thread-327#
[ExecuteTaskStep] Running task on application "primepath-db-deployer": {
  "name" : "deploy",
  "command" : "npm start",
  "limits" : {
    "memory" : 256
  }
}#
#2026 06 19 10:10:38.216#Z#DEBUG#fa252145-6bc6-11f1-9c60-eeee0a944cb1.OPERATION#flowable-async-job-executor-thread-327#
Step "Execute Task" finished#
#2026 06 19 10:10:44.549#Z#DEBUG#fa252145-6bc6-11f1-9c60-eeee0a944cb1.OPERATION#flowable-async-job-executor-thread-322#
[RestartAppStep] Executing task "startAppTask" of process "1c710a64-6bc7-11f1-820a-eeee0a9e7842"...#
#2026 06 19 10:10:44.553#Z#DEBUG#fa252145-6bc6-11f1-9c60-eeee0a944cb1.OPERATION#flowable-async-job-executor-thread-322#
[RestartAppStep] Application start timeout is default one: 3,600 seconds#
#2026 06 19 10:10:44.626#Z#DEBUG#fa252145-6bc6-11f1-9c60-eeee0a944cb1.OPERATION#flowable-async-job-executor-thread-322#
[RestartAppStep] Checking status of application "primepath-approuter"...#
#2026 06 19 10:10:44.628#Z#DEBUG#fa252145-6bc6-11f1-9c60-eeee0a944cb1.OPERATION#flowable-async-job-executor-thread-322#
[RestartAppStep] Getting instances for application "primepath-approuter"...#
#2026 06 19 10:10:44.707#Z#DEBUG#fa252145-6bc6-11f1-9c60-eeee0a944cb1.OPERATION#flowable-async-job-executor-thread-322#
[RestartAppStep] Application "primepath-approuter": 1 of 1 instances running (1 running)#
#2026 06 19 10:10:44.762#Z#DEBUG#fa252145-6bc6-11f1-9c60-eeee0a944cb1.OPERATION#flowable-async-job-executor-thread-322#
[RestartAppStep] Getting routes for application "cdc46a25-9792-46f8-a78a-49c58be313e2"...#
#2026 06 19 10:10:44.805#Z#DEBUG#fa252145-6bc6-11f1-9c60-eeee0a944cb1.OPERATION#flowable-async-job-executor-thread-323#
[RestartAppStep] Executing task "startAppTask" of process "1c6968e3-6bc7-11f1-9e25-eeee0a983c96"...#
#2026 06 19 10:10:44.810#Z#DEBUG#fa252145-6bc6-11f1-9c60-eeee0a944cb1.OPERATION#flowable-async-job-executor-thread-323#
[RestartAppStep] Application start timeout is default one: 3,600 seconds#
#2026 06 19 10:10:44.811#Z#DEBUG#fa252145-6bc6-11f1-9c60-eeee0a944cb1.OPERATION#flowable-async-job-executor-thread-323#
[RestartAppStep] Checking status of application "primepath-srv"...#
#2026 06 19 10:10:44.812#Z#INFO#fa252145-6bc6-11f1-9c60-eeee0a944cb1.OPERATION#flowable-async-job-executor-thread-322#
[RestartAppStep] Application "primepath-approuter" started and available at "cc04186dtrial-dev-primepath-approuter.cfapps.us10-001.hana.ondemand.com"#
#2026 06 19 10:10:44.812#Z#DEBUG#fa252145-6bc6-11f1-9c60-eeee0a944cb1.OPERATION#flowable-async-job-executor-thread-323#
[RestartAppStep] Getting instances for application "primepath-srv"...#
#2026 06 19 10:10:44.822#Z#DEBUG#fa252145-6bc6-11f1-9c60-eeee0a944cb1.OPERATION#flowable-async-job-executor-thread-322#
Step "Start App" finished#
#2026 06 19 10:10:44.893#Z#DEBUG#fa252145-6bc6-11f1-9c60-eeee0a944cb1.OPERATION#flowable-async-job-executor-thread-323#
[RestartAppStep] Application "primepath-srv": 1 of 1 instances running (1 running)#
#2026 06 19 10:10:44.926#Z#DEBUG#fa252145-6bc6-11f1-9c60-eeee0a944cb1.OPERATION#flowable-async-job-executor-thread-323#
[RestartAppStep] Getting routes for application "a7638aaf-09b6-417f-aa97-16c9c4dde755"...#
#2026 06 19 10:10:44.969#Z#INFO#fa252145-6bc6-11f1-9c60-eeee0a944cb1.OPERATION#flowable-async-job-executor-thread-323#
[RestartAppStep] Application "primepath-srv" started and available at "cc04186dtrial-dev-primepath-srv.cfapps.us10-001.hana.ondemand.com"#
#2026 06 19 10:10:44.980#Z#DEBUG#fa252145-6bc6-11f1-9c60-eeee0a944cb1.OPERATION#flowable-async-job-executor-thread-323#
Step "Start App" finished#
#2026 06 19 10:10:44.908#Z#DEBUG#fa252145-6bc6-11f1-9c60-eeee0a944cb1.OPERATION#flowable-async-job-executor-thread-318#
[ExecuteTaskStep] Executing task "executeTaskTask" of process "05cd23ab-6bc7-11f1-820a-eeee0a9e7842"...#
#2026 06 19 10:10:44.911#Z#DEBUG#fa252145-6bc6-11f1-9c60-eeee0a944cb1.OPERATION#flowable-async-job-executor-thread-318#
[ExecuteTaskStep] Application task execution timeout is default one: 43,200 seconds#
#2026 06 19 10:10:44.914#Z#DEBUG#fa252145-6bc6-11f1-9c60-eeee0a944cb1.OPERATION#flowable-async-job-executor-thread-318#
[ExecuteTaskStep] Getting task "5cb3ddf5-29e2-4a4d-89b4-1cb5ac3004f1"...#
#2026 06 19 10:10:44.943#Z#DEBUG#fa252145-6bc6-11f1-9c60-eeee0a944cb1.OPERATION#flowable-async-job-executor-thread-318#
[ExecuteTaskStep] Task execution status: running#
#2026 06 19 10:10:44.944#Z#DEBUG#fa252145-6bc6-11f1-9c60-eeee0a944cb1.OPERATION#flowable-async-job-executor-thread-318#
[ExecuteTaskStep] Getting application guid "primepath-db-deployer"...#
#2026 06 19 10:10:45.027#Z#DEBUG#fa252145-6bc6-11f1-9c60-eeee0a944cb1.OPERATION#flowable-async-job-executor-thread-318#
Step "Execute Task" finished#
#2026 06 19 10:10:54.830#Z#DEBUG#fa252145-6bc6-11f1-9c60-eeee0a944cb1.OPERATION#flowable-async-job-executor-thread-364#
[RestartAppStep] Executing task "startAppTask" of process "22b07716-6bc7-11f1-9e25-eeee0a983c96"...#
#2026 06 19 10:10:54.834#Z#DEBUG#fa252145-6bc6-11f1-9c60-eeee0a944cb1.OPERATION#flowable-async-job-executor-thread-364#
[RestartAppStep] Application start timeout is default one: 3,600 seconds#
#2026 06 19 10:10:54.837#Z#DEBUG#fa252145-6bc6-11f1-9c60-eeee0a944cb1.OPERATION#flowable-async-job-executor-thread-364#
Step "Start App" finished#
#2026 06 19 10:10:54.904#Z#DEBUG#fa252145-6bc6-11f1-9c60-eeee0a944cb1.OPERATION#flowable-async-job-executor-thread-357#
[RestartAppStep] Executing task "startAppTask" of process "22980cdd-6bc7-11f1-9e25-eeee0a983c96"...#
#2026 06 19 10:10:54.909#Z#DEBUG#fa252145-6bc6-11f1-9c60-eeee0a944cb1.OPERATION#flowable-async-job-executor-thread-357#
[RestartAppStep] Application start timeout is default one: 3,600 seconds#
#2026 06 19 10:10:54.912#Z#DEBUG#fa252145-6bc6-11f1-9c60-eeee0a944cb1.OPERATION#flowable-async-job-executor-thread-357#
Step "Start App" finished#
#2026 06 19 10:10:54.967#Z#DEBUG#fa252145-6bc6-11f1-9c60-eeee0a944cb1.OPERATION#flowable-async-job-executor-thread-364#
[PrepareToExecuteTasksStep] Executing task "prepareToExecuteTasksTask" of process "2899fbea-6bc7-11f1-820a-eeee0a9e7842"...#
#2026 06 19 10:10:54.970#Z#DEBUG#fa252145-6bc6-11f1-9c60-eeee0a944cb1.OPERATION#flowable-async-job-executor-thread-364#
Step "Prepare To Execute Tasks" finished#
#2026 06 19 10:10:55.074#Z#DEBUG#fa252145-6bc6-11f1-9c60-eeee0a944cb1.OPERATION#flowable-async-job-executor-thread-357#
[PrepareToExecuteTasksStep] Executing task "prepareToExecuteTasksTask" of process "28a56dd7-6bc7-11f1-820a-eeee0a9e7842"...#
#2026 06 19 10:10:55.077#Z#DEBUG#fa252145-6bc6-11f1-9c60-eeee0a944cb1.OPERATION#flowable-async-job-executor-thread-357#
Step "Prepare To Execute Tasks" finished#
#2026 06 19 10:10:55.095#Z#DEBUG#fa252145-6bc6-11f1-9c60-eeee0a944cb1.OPERATION#flowable-async-job-executor-thread-364#
[PublishConfigurationEntriesStep] Executing task "publishProvidedDependenciesTask" of process "2890d3fc-6bc7-11f1-820a-eeee0a9e7842"...#
#2026 06 19 10:10:55.100#Z#DEBUG#fa252145-6bc6-11f1-9c60-eeee0a944cb1.OPERATION#flowable-async-job-executor-thread-364#
[PublishConfigurationEntriesStep] Publishing public provided dependencies for application "primepath-srv"...#
#2026 06 19 10:10:55.101#Z#DEBUG#fa252145-6bc6-11f1-9c60-eeee0a944cb1.OPERATION#flowable-async-job-executor-thread-364#
[PublishConfigurationEntriesStep] No public provided dependencies for publishing#
#2026 06 19 10:10:55.101#Z#DEBUG#fa252145-6bc6-11f1-9c60-eeee0a944cb1.OPERATION#flowable-async-job-executor-thread-364#
Step "Publish Provided Dependencies" finished#
#2026 06 19 10:10:54.936#Z#DEBUG#fa252145-6bc6-11f1-9c60-eeee0a944cb1.OPERATION#flowable-async-job-executor-thread-327#
[ExecuteTaskStep] Executing task "executeTaskTask" of process "05cd23ab-6bc7-11f1-820a-eeee0a9e7842"...#
#2026 06 19 10:10:54.939#Z#DEBUG#fa252145-6bc6-11f1-9c60-eeee0a944cb1.OPERATION#flowable-async-job-executor-thread-327#
[ExecuteTaskStep] Application task execution timeout is default one: 43,200 seconds#
#2026 06 19 10:10:54.941#Z#DEBUG#fa252145-6bc6-11f1-9c60-eeee0a944cb1.OPERATION#flowable-async-job-executor-thread-327#
[ExecuteTaskStep] Getting task "5cb3ddf5-29e2-4a4d-89b4-1cb5ac3004f1"...#
#2026 06 19 10:10:54.972#Z#DEBUG#fa252145-6bc6-11f1-9c60-eeee0a944cb1.OPERATION#flowable-async-job-executor-thread-327#
[ExecuteTaskStep] Task execution status: failed#
#2026 06 19 10:10:54.974#Z#DEBUG#fa252145-6bc6-11f1-9c60-eeee0a944cb1.OPERATION#flowable-async-job-executor-thread-327#
[ExecuteTaskStep] Getting application guid "primepath-db-deployer"...#
#2026 06 19 10:10:55.093#Z#ERROR#fa252145-6bc6-11f1-9c60-eeee0a944cb1.OPERATION#flowable-async-job-executor-thread-327#
[ExecuteTaskStep] Execution of task "deploy" on application "primepath-db-deployer" failed.#
#2026 06 19 10:10:55.116#Z#INFO#fa252145-6bc6-11f1-9c60-eeee0a944cb1.OPERATION#flowable-async-job-executor-thread-327#
[ExecuteTaskStep] Download the MTA operation logs for more details.#
#2026 06 19 10:10:55.124#Z#DEBUG#fa252145-6bc6-11f1-9c60-eeee0a944cb1.OPERATION#flowable-async-job-executor-thread-327#
Step "Execute Task" finished#
#2026 06 19 10:10:55.188#Z#DEBUG#fa252145-6bc6-11f1-9c60-eeee0a944cb1.OPERATION#flowable-async-job-executor-thread-364#
[CreateOrUpdateServiceBrokerStep] Executing task "createOrUpdateServiceBrokerTask" of process "2890d3fc-6bc7-11f1-820a-eeee0a9e7842"...#
#2026 06 19 10:10:55.193#Z#DEBUG#fa252145-6bc6-11f1-9c60-eeee0a944cb1.OPERATION#flowable-async-job-executor-thread-364#
[CreateOrUpdateServiceBrokerStep] Creating service brokers...#
#2026 06 19 10:10:55.194#Z#DEBUG#fa252145-6bc6-11f1-9c60-eeee0a944cb1.OPERATION#flowable-async-job-executor-thread-364#
Step "Create Or Update Service Broker " finished#
#2026 06 19 10:10:55.209#Z#DEBUG#fa252145-6bc6-11f1-9c60-eeee0a944cb1.OPERATION#flowable-async-job-executor-thread-357#
[PublishConfigurationEntriesStep] Executing task "publishProvidedDependenciesTask" of process "289c1ed1-6bc7-11f1-820a-eeee0a9e7842"...#
#2026 06 19 10:10:55.210#Z#DEBUG#fa252145-6bc6-11f1-9c60-eeee0a944cb1.OPERATION#flowable-async-job-executor-thread-357#
[PublishConfigurationEntriesStep] Publishing public provided dependencies for application "primepath-approuter"...#
#2026 06 19 10:10:55.211#Z#DEBUG#fa252145-6bc6-11f1-9c60-eeee0a944cb1.OPERATION#flowable-async-job-executor-thread-357#
[PublishConfigurationEntriesStep] No public provided dependencies for publishing#
#2026 06 19 10:10:55.211#Z#DEBUG#fa252145-6bc6-11f1-9c60-eeee0a944cb1.OPERATION#flowable-async-job-executor-thread-357#
Step "Publish Provided Dependencies" finished#
#2026 06 19 10:10:55.259#Z#DEBUG#fa252145-6bc6-11f1-9c60-eeee0a944cb1.OPERATION#flowable-async-job-executor-thread-357#
[CreateOrUpdateServiceBrokerStep] Executing task "createOrUpdateServiceBrokerTask" of process "289c1ed1-6bc7-11f1-820a-eeee0a9e7842"...#
#2026 06 19 10:10:55.261#Z#DEBUG#fa252145-6bc6-11f1-9c60-eeee0a944cb1.OPERATION#flowable-async-job-executor-thread-357#
[CreateOrUpdateServiceBrokerStep] Creating service brokers...#
#2026 06 19 10:10:55.262#Z#DEBUG#fa252145-6bc6-11f1-9c60-eeee0a944cb1.OPERATION#flowable-async-job-executor-thread-357#
Step "Create Or Update Service Broker " finished#
#2026 06 19 10:10:57.854#Z#DEBUG#fa252145-6bc6-11f1-9c60-eeee0a944cb1.OPERATION#flowable-async-job-executor-thread-340#
[ExecuteTaskStep] Executing task "executeTaskTask" of process "05cd23ab-6bc7-11f1-820a-eeee0a9e7842"...#
#2026 06 19 10:10:57.861#Z#DEBUG#fa252145-6bc6-11f1-9c60-eeee0a944cb1.OPERATION#flowable-async-job-executor-thread-340#
[ExecuteTaskStep] Application task execution timeout is default one: 43,200 seconds#
#2026 06 19 10:10:57.886#Z#INFO#fa252145-6bc6-11f1-9c60-eeee0a944cb1.OPERATION#flowable-async-job-executor-thread-340#
[ExecuteTaskStep] Executing task "deploy" on application "primepath-db-deployer"...#
#2026 06 19 10:10:57.894#Z#DEBUG#fa252145-6bc6-11f1-9c60-eeee0a944cb1.OPERATION#flowable-async-job-executor-thread-340#
[ExecuteTaskStep] Running task on application "primepath-db-deployer": {
  "name" : "deploy",
  "command" : "npm start",
  "limits" : {
    "memory" : 256
  }
}#
#2026 06 19 10:10:58.226#Z#DEBUG#fa252145-6bc6-11f1-9c60-eeee0a944cb1.OPERATION#flowable-async-job-executor-thread-340#
Step "Execute Task" finished#
#2026 06 19 10:11:05.426#Z#DEBUG#fa252145-6bc6-11f1-9c60-eeee0a944cb1.OPERATION#flowable-async-job-executor-thread-339#
[ExecuteTaskStep] Executing task "executeTaskTask" of process "05cd23ab-6bc7-11f1-820a-eeee0a9e7842"...#
#2026 06 19 10:11:05.429#Z#DEBUG#fa252145-6bc6-11f1-9c60-eeee0a944cb1.OPERATION#flowable-async-job-executor-thread-339#
[ExecuteTaskStep] Application task execution timeout is default one: 43,200 seconds#
#2026 06 19 10:11:05.493#Z#DEBUG#fa252145-6bc6-11f1-9c60-eeee0a944cb1.OPERATION#flowable-async-job-executor-thread-339#
[ExecuteTaskStep] Getting task "52fb9a63-ac54-40e7-9d1c-0232e12eec29"...#
#2026 06 19 10:11:05.537#Z#DEBUG#fa252145-6bc6-11f1-9c60-eeee0a944cb1.OPERATION#flowable-async-job-executor-thread-339#
[ExecuteTaskStep] Task execution status: running#
#2026 06 19 10:11:05.538#Z#DEBUG#fa252145-6bc6-11f1-9c60-eeee0a944cb1.OPERATION#flowable-async-job-executor-thread-339#
[ExecuteTaskStep] Getting application guid "primepath-db-deployer"...#
#2026 06 19 10:11:05.640#Z#DEBUG#fa252145-6bc6-11f1-9c60-eeee0a944cb1.OPERATION#flowable-async-job-executor-thread-339#
Step "Execute Task" finished#
#2026 06 19 10:11:15.513#Z#DEBUG#fa252145-6bc6-11f1-9c60-eeee0a944cb1.OPERATION#flowable-async-job-executor-thread-342#
[ExecuteTaskStep] Executing task "executeTaskTask" of process "05cd23ab-6bc7-11f1-820a-eeee0a9e7842"...#
#2026 06 19 10:11:15.516#Z#DEBUG#fa252145-6bc6-11f1-9c60-eeee0a944cb1.OPERATION#flowable-async-job-executor-thread-342#
[ExecuteTaskStep] Application task execution timeout is default one: 43,200 seconds#
#2026 06 19 10:11:15.520#Z#DEBUG#fa252145-6bc6-11f1-9c60-eeee0a944cb1.OPERATION#flowable-async-job-executor-thread-342#
[ExecuteTaskStep] Getting task "52fb9a63-ac54-40e7-9d1c-0232e12eec29"...#
#2026 06 19 10:11:15.556#Z#DEBUG#fa252145-6bc6-11f1-9c60-eeee0a944cb1.OPERATION#flowable-async-job-executor-thread-342#
[ExecuteTaskStep] Task execution status: failed#
#2026 06 19 10:11:15.557#Z#DEBUG#fa252145-6bc6-11f1-9c60-eeee0a944cb1.OPERATION#flowable-async-job-executor-thread-342#
[ExecuteTaskStep] Getting application guid "primepath-db-deployer"...#
#2026 06 19 10:11:15.636#Z#ERROR#fa252145-6bc6-11f1-9c60-eeee0a944cb1.OPERATION#flowable-async-job-executor-thread-342#
[ExecuteTaskStep] Execution of task "deploy" on application "primepath-db-deployer" failed.#
#2026 06 19 10:11:15.642#Z#INFO#fa252145-6bc6-11f1-9c60-eeee0a944cb1.OPERATION#flowable-async-job-executor-thread-342#
[ExecuteTaskStep] Download the MTA operation logs for more details.#
#2026 06 19 10:11:15.646#Z#DEBUG#fa252145-6bc6-11f1-9c60-eeee0a944cb1.OPERATION#flowable-async-job-executor-thread-342#
Step "Execute Task" finished#
